省,市,区县,公司简称,公司全名,行业,2017前3季度销售额(万）,利润(万）,利润率,股票代码,注册地址,办公地址,官网,上市日期
广东省,中山市,中山市市辖区,中山公用,中山公用事业集团股份有限公司,水务,112462,88504,78.70%,中山公用(000685),广东省中山市兴中道十八号财兴大厦北座,广东省中山市兴中道十八号财兴大厦北座,www.zpug.net,1997/1/23
广东省,中山市,中山市市辖区,华帝股份,华帝股份有限公司,耐用消费品,408313,37561,9.20%,华帝股份(002035),广东省中山市小榄镇工业大道南华园路1号,广东省中山市小榄镇工业大道南华园路1号,www.vatti.com.cn,2004/9/1
广东省,中山市,中山市市辖区,长青集团,广东长青(集团)股份有限公司,耐用消费品,139394,9755,7.00%,长青集团(002616),广东省中山市小榄工业大道南42号,广东省中山市小榄工业大道南42号,www.chinachant.com,2011/9/20
广东省,中山市,中山市市辖区,奥马电器,广东奥马电器股份有限公司,耐用消费品,520916,34830,6.70%,奥马电器(002668),广东省中山市南头镇东福北路54号,广东省中山市南头镇东福北路54号,www.homa.cn,2012/4/16
广东省,中山市,中山市市辖区,和胜股份,广东和胜工业铝材股份有限公司,铝业,61209,5183,8.50%,和胜股份(002824),广东省中山市三乡镇前陇工业区美源路5号、广东省中山市三乡镇西山社区华曦路3号,广东省中山市三乡镇前陇工业区美源路5号、广东省中山市三乡镇西山社区华曦路3号,www.hoshion.com,2017/1/12
广东省,中山市,中山市市辖区,智慧松德,松德智慧装备股份有限公司,工业机械,28117,4596,16.30%,智慧松德(300173),广东省中山市南头镇东福北路35号,广东省中山市南头镇东福北路35号,www.songde.com.cn,2011/2/1
广东省,中山市,中山市市辖区,江龙船艇,江龙船艇科技股份有限公司,工业机械,28978,1368,4.70%,江龙船艇(300589),广东省中山市神湾镇桂竹路1号江龙船艇科技园,广东省中山市神湾镇桂竹路1号江龙船艇科技园,www.jianglong.cn,2017/1/13
广东省,中山市,中山市市辖区,达华智能,中山达华智能科技股份有限公司,电子电气组件与设备,230245,5930,2.60%,达华智能(002512),广东省中山市小榄镇泰丰工业区水怡南路9号,广东省中山市小榄镇泰丰工业区水怡南路9号,www.twh.com.cn,2010/12/3
广东省,中山市,中山市市辖区,木林森,木林森股份有限公司,电子电气组件与设备,585902,50980,8.70%,木林森(002745),广东省中山市小榄镇木林森大道1号、中山市小榄镇泰丰工业大道中42号之一,广东省中山市小榄镇木林森大道1号、中山市小榄镇泰丰工业大道中42号之一,www.zsmls.com,2015/2/17
广东省,中山市,中山市市辖区,通宇通讯,广东通宇通讯股份有限公司,通讯设备,119551,12973,10.90%,通宇通讯(002792),广东省中山市火炬开发区金通街3号,广东省中山市火炬开发区金通街3号,www.tycc.cn,2016/3/28
广东省,中山市,中山市市辖区,乐心医疗,广东乐心医疗电子股份有限公司,电子电气组件与设备,64617,-327,-0.50%,乐心医疗(300562),广东省中山市火炬开发区东利路105号A区,广东省中山市火炬开发区东利路105号A区,www.lifesense.com,2016/11/16
广东省,中山市,中山市市辖区,联合光电,中山联合光电科技股份有限公司,电子电气组件与设备,65115,7003,10.80%,联合光电(300691),广东省中山市火炬开发区益围路10号1-3楼,广东省中山市火炬开发区益围路10号1-3楼,www.union-optech.com,2017/8/11
广东省,中山市,中山市市辖区,中炬高新,中炬高新技术实业（集团）股份有限公司,食品生产（IV）,272867,45657,16.70%,中炬高新(600872),广东省中山市中山火炬高技术产业开发区,广东省中山市中山火炬高技术产业开发区火炬大厦,www.jonjee.com,1995/1/24
广东省,中山市,中山市市辖区,依顿电子,广东依顿电子科技股份有限公司,电子电气组件与设备,246073,50006,20.30%,依顿电子(603328),广东省中山市三角镇高平化工区,广东省中山市三角镇高平化工区,www.ellingtonpcb.com,2014/7/1
广东省,中山市,中山市市辖区,皮阿诺,东皮阿诺科学艺术家居股份有限公司,家具,55417,7904,14.30%,皮阿诺(002853),中山市阜沙镇上南村、中山市阜沙镇安华路 2 号之一,--,--,2017/3/10
广东省,广州市,增城市,索菲亚,索菲亚家居股份有限公司,家具,425094,75982,17.90%,索菲亚(002572),广东省广州市增城市新塘镇宁西工业园,广东省广州市增城市新塘镇宁西工业园,www.sfygroup.com,2011/4/12
广东省,广州市,增城区,二局股份,广东水电二局股份有限公司,建筑施工,484385,9527,2.00%,粤水电(002060),广东省广州市增城区新塘镇广深大道西1号1幢水电广场A-1商务中心20层,广东省广州市增城区新塘镇广深大道西1号1幢水电广场A-1商务中心,www.gdsdej.com,2006/8/10
广东省,广州市,越秀区,岭南控股,广州岭南集团控股股份有限公司,酒店业,480386,19476,4.10%,岭南控股(000524),广东省广州市流花路120号,广东省广州市流花路120号,www.hoteldongfang.com,1993/11/18
广东省,广州市,越秀区,海印股份,广东海印集团股份有限公司,百货零售,152826,19048,12.50%,海印股份(000861),广东省广州市越秀区东华南路98号21-32层,广东省广州市越秀区东华南路98号海印中心,www.000861.com,1998/10/28
广东省,广州市,越秀区,广百股份,广州市广百股份有限公司,百货零售,482336,17829,3.70%,广百股份(002187),广东省广州市越秀区西湖路12号,广东省广州市越秀区西湖路12号10至12楼,www.grandbuy.com.cn,2007/11/22
广东省,广州市,越秀区,粤泰股份,广州粤泰集团股份有限公司,不动产投资开发,503441,173380,34.40%,粤泰股份(600393),广东省广州市越秀区寺右新马路170号四楼,广东省广州市越秀区寺右新马路170号四楼,www.gzdh.com.cn,2001/3/19
广东省,广州市,越秀区,南方传媒,南方出版传媒股份有限公司,出版业,387192,47830,12.40%,南方传媒(601900),广东省广州市越秀区环市东路472号11楼,广东省广州市越秀区环市东路472号11楼,www.nfcb.com,2016/2/15
广东省,阳江市,阳春市,凌霄泵业,广东凌霄泵业股份有限公司,工业机械,70610,14421,20.40%,凌霄泵业(002884),广东省阳春市春城镇春江大道117号,广东省阳春市春城镇春江大道117号,www.lingxiao.com.cn,2017/7/11
广东省,深圳市,盐田区,万科A,万科企业股份有限公司,不动产投资开发,11710050,2068768,17.70%,万科A(000002),广东省深圳市盐田区大梅沙环梅路33号万科中心,广东省深圳市盐田区大梅沙环梅路33号万科中心,www.vanke.com,1991/1/29
广东省,深圳市,盐田区,盐田港,深圳市盐田港股份有限公司,运输服务,25070,33417,133.30%,盐田港(000088),广东省深圳市盐田区盐田港海港大厦17-20层,广东省深圳市盐田区盐田港海港大厦17-20层,www.yantian-port.com,1997/7/28
广东省,深圳市,盐田区,华大基因,深圳华大基因股份有限公司,医药与生物科技,144669,40782,28.20%,华大基因(300676),广东省深圳市盐田区洪安三街21号华大综合园7栋7层-14层,广东省深圳市盐田区洪安三街21号华大综合园7栋7层-14层,www.bgi.com,2017/7/14
广东省,梅州市,兴宁市,广东明珠,广东明珠集团股份有限公司,综合供应商,39686,34661,87.30%,广东明珠(600382),广东省兴宁市官汕路99号,广东省兴宁市官汕路99号,www.gdmzh.com,2001/1/18
广东省,云浮市,新兴县,温氏股份,广东温氏食品集团股份有限公司,农业与渔业,3921946,420078,10.70%,温氏股份(300498),广东省云浮市新兴县新城镇东堤北路9号,广东省云浮市新兴县勒竹镇榄根,www.wens.com.cn,2015/11/2
广东省,江门市,新会区,美达股份,广东新会美达锦纶股份有限公司,通用化工品,259435,1787,0.70%,美达股份(000782),广东省江门市新会区会城镇江会路上浅口,广东省江门市新会区会城镇江会路上浅口,www.meidanylon.com,1997/6/19
广东省,潮州市,湘桥区,新宏泽,广东新宏泽包装股份有限公司,商业辅助服务,16470,3747,22.70%,新宏泽(002836),广东省潮州市潮州大道北片工业区北站二路宏泽工业园,广东省潮州市潮州大道北片工业区北站二路宏泽工业园,www.newglp.com,2016/12/29
广东省,潮州市,湘桥区,翔鹭钨业,广东翔鹭钨业股份有限公司,有色金属,70500,5631,8.00%,翔鹭钨业(002842),广东省潮州市湘桥区官塘镇庵头工业区,广东省潮州市湘桥区官塘镇庵头工业区,www.xl-tungsten.com,2017/1/19
广东省,潮州市,湘桥区,三环集团,潮州三环(集团)股份有限公司,电子电气组件与设备,211231,78726,37.30%,三环集团(300408),广东省潮州市凤塘三环工业城内综合楼,广东省潮州市凤塘三环工业城内综合楼,www.cctc.cc,2014/12/3
广东省,潮州市,湘桥区,凯普生物,广东凯普生物科技股份有限公司,制药,33589,7920,23.60%,凯普生物(300639),广东省潮州市经济开发区试验区北片高新区D5-3-3-4小区,广东省潮州市经济开发区试验区北片高新区D5-3-3-4小区,www.hybribio.cn,2017/4/12
广东省,珠海市,香洲区,珠海港,珠海港股份有限公司,运输服务,129558,15492,12.00%,珠海港(000507),广东省珠海市高栏港经济区榕树湾8号2001-2号办公,广东省珠海市情侣南路278号,www.0507.com.cn,1993/3/26
广东省,珠海市,香洲区,华金资本,珠海华金资本股份有限公司,综合工业,27592,3519,12.80%,华金资本(000532),广东省珠海市高新区前湾二路2号总部基地一期B楼第五层,广东省珠海市香洲区国家高新区前湾二路2号总部基地一期B栋5楼,www.huajinct.com,1994/1/3
广东省,珠海市,香洲区,格力电器,珠海格力电器股份有限公司,耐用消费品,11087468,1779439,16.00%,格力电器(000651),广东省珠海市前山金鸡西路,广东省珠海市前山金鸡西路,www.gree.com.cn,1996/11/18
广东省,珠海市,香洲区,德豪润达,广东德豪润达电气股份有限公司,耐用消费品,318708,-22977,-7.20%,德豪润达(002005),广东省珠海市香洲区唐家湾镇金凤路1号,广东省珠海市香洲区唐家湾镇金凤路1号,www.electech.com.cn,2004/6/25
广东省,珠海市,香洲区,远光软件,远光软件股份有限公司,软件,80813,10171,12.60%,远光软件(002063),广东省珠海市港湾大道科技一路3号,广东省珠海市港湾大道科技一路3号,www.ygsoft.com,2006/8/23
广东省,珠海市,香洲区,纳思达,纳思达股份有限公司,电子电气组件与设备,1625292,-233019,-14.30%,纳思达(002180),广东省珠海市香洲区珠海大道3883号01栋2楼、7楼B区，02栋，03栋，04栋1楼、2楼、3楼、4楼、5楼，05栋,广东省珠海市香洲区前山明珠北路63号04栋6楼A区,www.apexmic.cn,2007/11/13
广东省,珠海市,香洲区,乐通股份,珠海市乐通化工股份有限公司,通用化工品,40692,800,2.00%,乐通股份(002319),广东省珠海市金鼎官塘乐通工业园,广东省珠海市金鼎官塘乐通工业园,www.letongink.com,2009/12/11
广东省,珠海市,香洲区,赛隆药业,珠海赛隆药业股份有限公司,制药,24947,5142,20.60%,赛隆药业(002898),广东省珠海市吉大海滨南路47号光大国际贸易中心二层西侧,广东省珠海市吉大海滨南路47号光大国际贸易中心二层西侧,www.sailong.cn,2017/9/12
广东省,珠海市,香洲区,世纪鼎利,珠海世纪鼎利通信科技股份有限公司,移动通信服务,52184,8700,16.70%,世纪鼎利(300050),广东省珠海市港湾大道科技五路8号一层,广东省珠海市港湾大道科技五路8号一层,www.dingli.com,2010/1/20
广东省,珠海市,香洲区,欧比特,珠海欧比特宇航科技股份有限公司,电子电气组件与设备,47957,9925,20.70%,欧比特(300053),广东省珠海市唐家东岸白沙路1号欧比特科技园,广东省珠海市唐家东岸白沙路1号欧比特科技园,www.myorbita.net,2010/2/11
广东省,珠海市,香洲区,和佳股份,珠海和佳医疗设备股份有限公司,医疗设备,69371,5059,7.30%,和佳股份(300273),广东省珠海市香洲区宝盛路5号,广东省珠海市香洲区宝盛路5号,www.hokai.com,2011/10/26
广东省,珠海市,香洲区,溢多利,广东溢多利生物科技股份有限公司,食品生产（IV）,97380,6323,6.50%,溢多利(300381),广东省珠海市南屏高科技工业区屏北一路8号,广东省珠海市南屏高科技工业区屏北一路8号,www.yiduoli.com,2014/1/28
广东省,珠海市,香洲区,汇金科技,珠海汇金科技股份有限公司,软件,13524,4735,35.00%,汇金科技(300561),广东省珠海市软件园路1号会展中心3#第三层,广东省珠海市软件园路1号会展中心3#第三层,www.sgsg.cc,2016/11/17
广东省,珠海市,香洲区,光库科技,珠海光库科技股份有限公司,电子电气组件与设备,16315,4246,26.00%,光库科技(300620),广东省珠海市软件园路1号生产加工中心5#楼二层1-6单元、8单元,广东省珠海市软件园路1号生产加工中心5#楼二层1-6单元、8单元,www.afrlaser.com,2017/3/10
广东省,珠海市,香洲区,格力地产,格力地产股份有限公司,不动产投资开发,219695,54984,25.00%,格力地产(600185),广东省珠海市宝华路6号105室-23182,广东省珠海市石花西路213号,www.greedc.com,1999/6/11
广东省,珠海市,香洲区,华发股份,珠海华发实业股份有限公司,不动产投资开发,1274062,148755,11.70%,华发股份(600325),广东省珠海市横琴红旗村宝中路3号4楼4001,广东省珠海市昌盛路155号,www.cnhuafas.com,2004/2/25
广东省,中山市,西区,大洋电机,中山大洋电机股份有限公司,工业机械,597424,24868,4.20%,大洋电机(002249),广东省中山市西区沙朗第三工业区,广东省中山市西区沙朗第三工业区,www.broad-ocean.com.cn,2008/6/19
广东省,中山市,西区,中顺洁柔,中顺洁柔纸业股份有限公司,造纸,335213,29035,8.70%,中顺洁柔(002511),广东省中山市东升镇坦背胜龙村,广东省中山市西区彩虹大道136号,www.zhongshungroup.com,2010/11/25
广东省,韶关市,武江区,韶能股份,广东韶能集团股份有限公司,电力（IV）,271705,55253,20.30%,韶能股份(000601),广东省韶关市武江区沿江路16号,广东省韶关市武江区沿江路16号,www.shaoneng.com.cn;www.sn0601.com,1996/8/30
广东省,东莞市,万江区,生益科技,广东生益科技股份有限公司,电子电气组件与设备,772904,97838,12.70%,生益科技(600183),广东省东莞市松山湖高新技术产业开发区工业西路5号,广东省东莞市万江区莞穗大道411号,--,1998/10/28
广东省,广州市,天河区,粤高速A,广东省高速公路发展股份有限公司,运输服务,226275,145583,64.30%,粤高速A(000429),广东省广州市白云路85号,广东省广州市天河区珠江新城珠江东路32号利通广场45、46层,www.gpedcl.com,1998/2/20
广东省,广州市,天河区,绿景地产,绿景控股股份有限公司,不动产投资开发,1793,-5821,-324.60%,绿景控股(000502),广东省广州市海珠区同福西路131-133号首层01房,广东省广州市天河区林和中路8号海航大厦35楼,www.000502.cn,1992/11/23
广东省,广州市,天河区,广州浪奇,广州市浪奇实业股份有限公司,通用化工品,828230,1123,0.10%,广州浪奇(000523),广东省广州市天河区黄埔大道东128号,广东省广州市天河区黄埔大道东128号,www.lonkey.com.cn,1993/11/8
广东省,广州市,天河区,粤电力A,广东电力发展股份有限公司,电力（IV）,1993246,158994,8.00%,粤电力A(000539),广东省广州市天河东路2号粤电广场南塔33-36楼,广东省广州市天河东路2号粤电广场南塔33-36楼,www.ged.com.cn,1993/11/26
广东省,广州市,天河区,广发证券,广发证券股份有限公司,投资服务,1487784,813644,54.70%,广发证券(000776),广东省广州市黄埔区中新广州知识城腾飞一街2号618室,广东省广州市天河区天河北路183-187号大都会广场5楼、18楼、19楼、36楼、38楼、41楼、,www.gf.com.cn,1997/6/11
广东省,广州市,天河区,越秀金控,广州越秀金融控股集团股份有限公司,投资服务,200642,77149,38.50%,越秀金控(000987),广东省广州市天河区珠江西路5号广州国际金融中心主塔写字楼第63层01-B单元,广东省广州市天河区珠江西路5号广州国际金融中心主塔写字楼第63层01-B单元,www.yuexiu-finance.com,2000/7/18
广东省,广州市,天河区,达安基因,中山大学达安基因股份有限公司,生物科技,115343,10304,8.90%,达安基因(002030),广东省广州市高新技术开发区科学城香山路19号,广东省广州市高新技术开发区科学城香山路19号,www.daangene.com,2004/8/9
广东省,广州市,天河区,融捷股份,融捷股份有限公司,电子电气组件与设备,16864,190,1.10%,融捷股份(002192),广东省广州市天河区珠江西路5号广州国际金融中心主塔写字楼第45层04-05单元,广东省广州市天河区珠江西路5号广州国际金融中心45层04-05室,www.luxiang.cn,2007/12/5
广东省,广州市,天河区,奥飞娱乐,奥飞娱乐股份有限公司,玩具,264541,35125,13.30%,奥飞娱乐(002292),广东省汕头市澄海区文冠路中段奥迪工业园,广东省广州市天河区珠江新城金穗路62号侨鑫国际金融中心37楼,www.gdalpha.com,2009/9/10
广东省,广州市,天河区,棕榈股份,棕榈生态城镇发展股份有限公司,建筑施工,354487,21913,6.20%,棕榈股份(002431),广东省广州市花都区迎宾大道95号交通大楼17楼1701室,广东省广州市天河区马场路16号富力盈盛广场B栋23-25楼,www.palm-la.com,2010/6/10
广东省,广州市,天河区,普邦股份,广州普邦园林股份有限公司,建筑施工,242913,15257,6.30%,普邦股份(002663),广东省广州市越秀区寺右新马路南二街一巷14-20号首层,广东省广州市天河区珠江新城海安路13号越秀财富世纪广场A1幢33-35楼,www.pblandscape.com,2012/3/16
广东省,广州市,天河区,宏大爆破,广东宏大爆破股份有限公司,普通矿开采,248583,13403,5.40%,宏大爆破(002683),广东省广州市天河区珠江新城华夏路49号之二津滨腾越大厦北塔21层,广东省广州市天河区珠江新城华夏路49号之二津滨腾越大厦北塔21层,www.hdbp.com,2012/6/12
广东省,广州市,天河区,燕塘乳业,广东燕塘乳业股份有限公司,食品生产（IV）,91444,11922,13.00%,燕塘乳业(002732),广东省广州市天河区沙河燕塘,广东省广州市天河区沙河燕塘,www.yantangmilk.com,2014/12/5
广东省,广州市,天河区,金逸影视,广州金逸影视传媒股份有限公司,广播与娱乐,163992,17656,10.80%,金逸影视(002905),广东省广州市天河区华成路8号之一402房之一,广东省广州市天河区华成路8号之一402房之一,www.jycinema.com,2017/10/16
广东省,广州市,天河区,德生科技,广东德生科技股份有限公司,软件,25841,4306,16.70%,德生科技(002908),广东省广州市天河区软件路15号第二层201室、三、四层,广东省广州市天河区软件路15号第二层201室、三、四层,www.e-tecsun.com,2017/10/20
广东省,广州市,天河区,粤高速A,广东省高速公路发展股份有限公司,运输服务,226275,145583,64.30%,粤高速B(200429),广东省广州市白云路85号,广东省广州市天河区珠江新城珠江东路32号利通广场45、46层,www.gpedcl.com,1998/2/20
广东省,广州市,天河区,粤电力A,广东电力发展股份有限公司,电力（IV）,1993246,158994,8.00%,粤电力B(200539),广东省广州市天河东路2号粤电广场南塔33-36楼,广东省广州市天河东路2号粤电广场南塔33-36楼,www.ged.com.cn,1993/11/26
广东省,广州市,天河区,星辉娱乐,广东星辉车模股份有限公司,互联网,207032,26326,12.70%,星辉娱乐(300043),广东省汕头市澄海区星辉工业园(上华镇夏岛路北侧),广东省广州市天河区珠江新城华夏路16号富力盈凯广场49楼,www.rastar.cn,2010/1/20
广东省,广州市,天河区,蓝盾股份,蓝盾信息安全技术股份有限公司,计算机服务,144977,26032,18.00%,蓝盾股份(300297),广东省广州市天河区天慧路16号,广东省广州市天河区科韵路16号自编1栋2101,www.bluedon.com,2012/3/15
广东省,广州市,天河区,宜通世纪,广东宜通世纪科技股份有限公司,移动通信服务,167708,18279,10.90%,宜通世纪(300310),广东省广州市天河区建中路14、16号第三层东,广东省广州市天河区科韵路16号广州信息港A栋12楼,www.etonetech.com,2012/4/25
广东省,广州市,天河区,博济医药,广州博济医药生物技术股份有限公司,商业辅助服务,8903,-496,-5.60%,博济医药(300404),广东省广州市天河区华观路1933号701房,广东省广州市天河区华观路1933号万科云广场A栋7楼,www.gzboji.com,2015/4/24
广东省,广州市,天河区,尚品宅配,广州尚品宅配家居股份有限公司,家具,358886,23625,6.60%,尚品宅配(300616),广东省广州市天河区花城大道85号3501房之自编01-05单元,广东省广州市天河区花城大道85号3501房之自编01-05单元,www.spzp.com,2017/3/7
广东省,广州市,天河区,赛意信息,广州赛意信息科技股份有限公司,软件,49695,7128,14.30%,赛意信息(300687),广东省广州市天河区珠江东路12号16楼1603-1605单元,广东省广州市天河区珠江东路12号16楼1603-1605单元,www.chinasie.com,2017/8/3
广东省,广州市,天河区,广哈通信,广州广哈通信股份有限公司,电子设备,17479,3387,19.40%,广哈通信(300711),广东省广州市科学城南云一路16号,广东省广州市科学城南云一路16号,www.ghtchina.com,2017/11/1
广东省,广州市,天河区,一品红,一品红药业股份有限公司,制药,103785,12439,12.00%,一品红(300723),广东省广州市天河区珠江新城金穗路星汇国际大厦西塔17层01单元,广东省广州市天河区珠江新城金穗路星汇国际大厦西塔17层01单元,www.gdyph.com,2017/11/16
广东省,广州市,天河区,广州发展,广州发展集团股份有限公司,电力（IV）,1746336,94591,5.40%,广州发展(600098),广东省广州市天河区临江大道3号发展中心28-30楼,广东省广州市天河区临江大道3号28-30楼,www.gdih.cn,1997/7/18
广东省,广州市,天河区,中远海特,中远海运特种运输股份有限公司,水上运输,496750,21175,4.30%,中远海特(600428),广东省广州市保税区东江大道282号康胜大厦,广东省广州市天河区珠江新城花城大道20号广州远洋大厦15-26楼,www.coscol.com.cn,2002/4/18
广东省,广州市,天河区,佳都科技,佳都新太科技股份有限公司,计算机服务,237862,4554,1.90%,佳都科技(600728),广东省广州市番禺区东环街迎宾路832号番禺节能科技园内番山创业中心1号楼2区306房,广东省广州天河软件园建工路4号,www.pcitech.com,1996/7/16
广东省,广州市,天河区,广日股份,广州广日股份有限公司,工业机械,349834,39099,11.20%,广日股份(600894),广东省广州市天河区华利路59号东塔13层自编1301,广东省广州市天河区华利路59号东塔13层自编1301,www.guangrigf.com/index.aspx,1996/3/28
广东省,广州市,天河区,广汽集团,广州汽车集团股份有限公司,汽车零配件（IV）,5138790,989506,19.30%,广汽集团(601238),广东省广州市越秀区东风中路448-458号成悦大厦23楼,广东省广州市天河区珠江新城兴国路23号广汽中心,www.gagc.com.cn,2012/3/29
广东省,广州市,天河区,超讯通信,广东超讯通信技术股份有限公司,通讯设备,64547,97,0.20%,超讯通信(603322),广东省广州市天河区天河科技园软件园高唐新建区高普路1025、1027号第4层,广东省广州市天河区天河科技园软件园高唐新建区高普路1025、1027号第4层,www.sts.cn,2016/7/28
广东省,广州市,天河区,好莱客,广州好莱客创意家居股份有限公司,家具,125162,25994,20.80%,好莱客(603898),广东省广州经济技术开发区东区连云路8号,广东省广州市天河区科韵路20号三层,www.holike.com,2015/2/17
广东省,广州市,天河区,广晟有色,广晟有色金属股份有限公司,有色金属,401603,-2712,-0.70%,广晟有色(600259),海南省海口市龙华区滨海大道69号海口宝华海景大酒店8楼809房,广东省广州市天河区林和西路157号保利中汇广场A栋31楼,www.gdnmi.com.cn,2000/5/25
广东省,江门市,台山市,特一药业,特一药业集团股份有限公司,制药,49161,9277,18.90%,特一药业(002728),广东省台山市北坑工业园,广东省台山市北坑工业园,www.tczy.com.cn,2014/7/31
广东省,江门市,台山市,迪生力,广东迪生力汽配股份有限公司,汽车与零配件（II）,60558,5385,8.90%,迪生力(603335),广东省台山市西湖外商投资示范区,广东省台山市西湖外商投资示范区,www.dcenti.cn,2017/6/20
广东省,佛山市,顺德区,美的集团,美的集团股份有限公司,消费电子产品,18694887,1824307,9.80%,美的集团(000333),广东省佛山市顺德区北?蛘蛎赖拇蟮?6号美的总部大楼B区26-28楼,广东省佛山市顺德区北?蛘蛎赖拇蟮?6号美的总部大楼B区26-28楼,www.midea.com.cn,2013/9/18
广东省,佛山市,顺德区,万家乐,广东万家乐股份有限公司,电子电气组件与设备,475732,7099,1.50%,万家乐(000533),广东省佛山市顺德区大良街道顺峰山工业区,广东省佛山市顺德区大良街道顺峰山工业区,www.macro.com.cn,1994/1/3
广东省,佛山市,顺德区,海信科龙,海信科龙电器股份有限公司,耐用消费品,2639429,188963,7.20%,海信科龙(000921),广东省佛山市顺德区容桂街道容港路8号,广东省佛山市顺德区容桂街道容港路8号,www.kelon.com,1999/7/13
广东省,佛山市,顺德区,德美化工,广东德美精细化工集团股份有限公司,特种化工品,195642,6012,3.10%,德美化工(002054),广东省佛山市顺德高新区科技产业园朝桂南路,广东省佛山市顺德区容桂街道广珠路海尾路段44号,www.dymatic.com,2006/7/25
广东省,佛山市,顺德区,精艺股份,广东精艺金属股份有限公司,有色金属,389416,6608,1.70%,精艺股份(002295),广东省佛山市顺德区北?蛘蛭骱９ひ登?,广东省佛山市顺德区北?蛘蛭骱９ひ登?,www.jingyimetal.com,2009/9/29
广东省,佛山市,顺德区,万和电气,广东万和集团有限公司,电子电气组件与设备,466367,30089,6.50%,万和电气(002543),广东省佛山市顺德高新区(容桂)建业中路13号,广东省佛山市顺德高新区(容桂)建业中路13号,www.vanward.com,2011/1/28
广东省,佛山市,顺德区,顺威股份,广东顺威精密塑料股份有限公司,通用化工品,118765,982,0.80%,顺威股份(002676),广东省佛山市顺德区高新区(容桂)科苑一路6号,广东省佛山市顺德区高新区(容桂)科苑一路6号,www.sunwill.com.cn,2012/5/25
广东省,佛山市,顺德区,新宝股份,广东新宝电器股份有限公司,消费电子产品,617603,42046,6.80%,新宝股份(002705),广东省佛山市顺德区勒流镇政和南路,广东省佛山市顺德区勒流镇政和南路,www.donlim.com,2014/1/21
广东省,佛山市,顺德区,欧浦智网,欧浦智网股份有限公司,商业辅助服务,485545,37710,7.80%,欧浦智网(002711),广东省佛山市顺德区乐从镇路州村委会第二工业区乐成路7号地,广东省佛山市顺德区乐从镇路州村委会第二工业区乐成路7号地,www.oupuzw.com,2014/1/27
广东省,佛山市,顺德区,伊之密,广东伊之密精密机械股份有限公司,工业机械,146443,24742,16.90%,伊之密(300415),广东省佛山市顺德高新区（容桂）科苑三路22号,广东省佛山市顺德高新区（容桂）科苑三路22号,www.yizumi-group.com,2015/1/23
广东省,佛山市,顺德区,星徽精密,广东星徽精密制造股份有限公司,工业机械,39064,2534,6.50%,星徽精密(300464),广东省佛山市顺德区北?蛘蚬ひ翟靶艘德?7号,广东省佛山市顺德区北?蛘蚬ひ翟靶艘德?7号,www.sh-abc.cn,2015/6/10
广东省,佛山市,顺德区,海川智能,广东海川智能机器股份有限公司,电子设备,9687,2723,28.10%,海川智能(300720),广东省佛山市顺德区北?蛘蚧屏?村委会龙展路3号,广东省佛山市顺德区北?蛘蛩辰?居委会工业园置业路8号,www.highdream.cn,2017/11/6
广东省,佛山市,顺德区,科达洁能,广东科达洁能股份有限公司,工业机械,394871,39900,10.10%,科达洁能(600499),广东省佛山市顺德区陈村镇广隆工业园环镇西路1号,广东省佛山市顺德区陈村镇广隆工业园环镇西路1号,www.kedachina.com.cn,2002/10/10
广东省,佛山市,顺德区,盈峰环境,盈峰环境科技集团股份有限公司,工业机械,326887,26984,8.30%,盈峰环境(000967),浙江省绍兴市上虞区人民西路1818号,广东省佛山市顺德区北?蛐鲁乔?怡欣路7-8号盈峰中心23层,www.inforeenviro.com,2000/3/30
广东省,佛山市,三水区,盛路通信,广东盛路通信科技股份有限公司,通讯设备,73883,10057,13.60%,盛路通信(002446),广东省佛山市三水区西南工业园进业二路四号,广东省佛山市三水区西南工业园进业二路四号,www.shenglu.com,2010/7/13
广东省,佛山市,三水区,金银河,佛山市金银河智能装备股份有限公司,工业机械,26954,2842,10.50%,金银河(300619),广东省佛山市三水区西南街道宝云路6号一、二、四、五、六、七座,广东省佛山市三水区西南街道宝云路6号,www.goldenyh.com,2017/3/1
广东省,韶关市,曲江区,韶钢松山,广东韶钢松山股份有限公司,钢铁,1853418,196592,10.60%,韶钢松山(000717),广东省韶关市曲江区马坝,广东省韶关市曲江区马坝,www.sgss.com.cn,1997/5/8
广东省,清远市,清城区,博信股份,广东博信投资控股股份有限公司,电子电气组件与设备,5323,338,6.40%,博信股份(600083),广东省清远市新城方正二街一号,广东省清远市新城方正二街一号自来水大厦,www.600083.com,1997/6/6
广东省,清远市,清城区,锦龙股份,广东锦龙发展股份有限公司,投资服务,1782,26464,1485.20%,锦龙股份(000712),广东省东莞市南城街道鸿福路106号南峰中心第十二层,广东省清远市方正二街1号锦龙大厦,www.jlgf.com,1997/4/15
广东省,揭阳市,普宁市,高乐股份,广东高乐玩具股份有限公司,娱乐用品,45805,2421,5.30%,高乐股份(002348),广东省普宁市池尾街道塘边村塘边里东片168号,广东省普宁市占陇加工区振如大厦,www.goldlok.com,2010/2/3
广东省,揭阳市,普宁市,佳隆股份,广东佳隆食品股份有限公司,食品生产（IV）,21029,2416,11.50%,佳隆股份(002495),广东省普宁市池尾工业区上寮园256幢0138号,广东省普宁市池尾工业区上寮园256幢0138号,www.gdjlfood.com,2010/11/2
广东省,揭阳市,普宁市,柏堡龙,广东柏堡龙股份有限公司,服装服饰零售,62605,11961,19.10%,柏堡龙(002776),广东省普宁市流沙东街道新坛村新美路南侧大德北路西,广东省普宁市流沙东街道新坛村新美路南侧大德北路西,www.bobaolon.net,2015/6/26
广东省,江门市,蓬江区,广东甘化,江门甘蔗化工厂(集团)股份有限公司,造纸,45432,-4628,-10.20%,广东甘化(000576),广东省江门市甘化路56号,广东省江门市甘化路62号,www.gdganhua.com,1994/9/7
广东省,江门市,蓬江区,江粉磁材,广东江粉磁材股份有限公司,电子电气组件与设备,1179461,29044,2.50%,江粉磁材(002600),广东省江门市龙湾路8号,广东省江门市龙湾路8号,www.jpmf.com.cn,2011/7/15
广东省,江门市,蓬江区,金莱特,广东金莱特电器股份有限公司,电子电气组件与设备,79647,1581,2.00%,金莱特(002723),广东省江门市蓬江区棠下镇金桐路21号,广东省江门市蓬江区棠下镇金桐路21号,www.kennede.com,2014/1/29
广东省,深圳市,南山区,海联讯,深圳海联讯科技股份有限公司,计算机服务,11750,-1104,-9.40%,海联讯(300277),广东省深圳市南山区深南大道市高新技术园R2厂房B区3a层,广东省深圳市南山区深南大道市高新技术园R2厂房B区3a层,www.hirisun.com,2011/11/23
广东省,深圳市,南山区,国农科技,深圳中国农大科技股份有限公司,制药,7100,-845,-11.90%,国农科技(000004),广东省深圳市南山区中心路（深圳湾段）3333号中铁南方总部大厦503室,广东省深圳市南山区中心路（深圳湾段）3333号中铁南方总部大厦503室,www.sz000004.cn,1991/1/14
广东省,深圳市,南山区,南玻A,中国南玻集团股份有限公司,建材与构件,779091,79955,10.30%,南玻A(000012),广东省深圳市蛇口工业六路一号南玻大厦,广东省深圳市蛇口工业六路一号南玻大厦,www.csgholding.com,1992/2/28
广东省,深圳市,南山区,沙河股份,沙河实业股份有限公司,不动产投资开发,42841,-526,-1.20%,沙河股份(000014),广东省深圳市南山区白石路2222号沙河世纪楼,广东省深圳市南山区白石路2222号沙河世纪楼,www.shahe.cn,1992/6/2
广东省,深圳市,南山区,深康佳A,康佳集团股份有限公司,电子电气组件与设备,2016362,45,0.00%,深康佳A(000016),广东省深圳市南山区粤海街道科技园科技南十二路28号康佳研发大厦15-24层,广东省深圳市南山区科技南十二路28号康佳研发大厦23-24层,www.konka.com,1992/3/27
广东省,深圳市,南山区,深深宝A,深圳市深宝实业股份有限公司,软饮料,23075,-3077,-13.30%,深深宝A(000019),广东省深圳市南山区粤海街道学府路科技园南区软件产业基地4栋B座8层,广东省深圳市南山区学府路科技园南区软件产业基地4栋B座8层,www.sbsy.com.cn,1992/10/12
广东省,深圳市,南山区,深华发A,深圳中恒华发股份有限公司,电子电气组件与设备,67236,-151,-0.20%,深华发A(000020),广东省深圳市福田区华发北路411幢,广东省深圳市南山区大冲商务中心2号楼33层,www.hwafa.com.cn,1992/4/28
广东省,深圳市,南山区,深赤湾A,深圳赤湾港航股份有限公司,运输服务,186291,72556,38.90%,深赤湾A(000022),广东省深圳市赤湾,广东省深圳市赤湾石油大厦8楼,www.szcwh.com,1993/5/5
广东省,深圳市,南山区,深天地A,深圳市天地(集团)股份有限公司,建材与构件,86244,2494,2.90%,深天地A(000023),广东省深圳市高新技术产业园北区朗山路东物商业大楼10楼,广东省深圳市高新技术产业园北区朗山路东物商业大楼10楼,www.000023.cn,1993/4/29
广东省,深圳市,南山区,飞亚达A,飞亚达(集团)股份有限公司,服装与服饰,247565,17581,7.10%,飞亚达A(000026),广东省深圳市南山区高新南一道飞亚达科技大厦,广东省深圳市南山区高新南一道飞亚达科技大厦20楼,www.fiytagroup.com,1993/6/3
广东省,深圳市,南山区,深桑达A,深圳市桑达实业股份有限公司,商业辅助服务,113390,5637,5.00%,深桑达A(000032),广东省深圳市南山区科技园科技路1号桑达科技大厦15-17楼,广东省深圳市南山区科技园科技路1号桑达科技大厦15-17层,www.sedind.com,1993/10/28
广东省,深圳市,南山区,深南电A,深圳南山热电股份有限公司,电力（IV）,157085,-657,-0.40%,深南电A(000037),广东省深圳市南山区月亮湾大道2097号,广东省深圳市华侨城汉唐大厦16-17楼,www.nsrd.com.cn,1994/7/1
广东省,深圳市,南山区,深大通,深圳大通实业股份有限公司,商业辅助服务,106892,33853,31.70%,深大通(000038),广东省深圳市南山区沙河街道恩平街华侨城东部工业区东E4栋,深圳市南山区科苑中路15号科兴科学园B座1单元1002,www.chinadatong.com,1994/8/8
广东省,深圳市,南山区,中集集团,中国国际海运集装箱（集团）股份有限公司,建材与构件,5396271,261091,4.80%,中集集团(000039),广东省深圳市南山蛇口工业区港湾大道2号中集研发中心8楼,广东省深圳市南山蛇口工业区港湾大道2号中集研发中心,www.cimc.com,1994/4/8
广东省,深圳市,南山区,中洲控股,深圳市中洲投资控股股份有限公司,不动产投资开发,403931,38785,9.60%,中洲控股(000042),广东省深圳市福田区百花五路长源楼,广东省深圳市南山区海德一道88号中洲控股金融中心A座39层,www.zztzkg.com,1994/9/21
广东省,深圳市,南山区,德赛电池,深圳市德赛电池科技股份有限公司,电子电气组件与设备,778523,31166,4.00%,德赛电池(000049),广东省深圳市南山区高新科技园南区高新南一道德赛科技大厦26楼,广东省深圳市南山区高新科技园南区高新南一道德赛科技大厦26楼,www.desaybattery.com,1995/3/20
广东省,深圳市,南山区,深天马A,天马微电子股份有限公司,电子电气组件与设备,1010126,52000,5.10%,深天马A(000050),广东省深圳市深南中路中航苑航都大厦22层南,广东省深圳市南山区马家龙工业城64栋7层,www.tianma.cn,1995/3/15
广东省,深圳市,南山区,方大集团,方大集团股份有限公司,建材与构件,205275,42141,20.50%,方大集团(000055),广东省深圳市高新区科技南十二路方大大厦,广东省深圳市南山区高新区科技南十二路方大大厦二十楼,www.fangda.com,1996/4/15
广东省,深圳市,南山区,中兴通讯,中兴通讯股份有限公司,通讯设备,7657974,528668,6.90%,中兴通讯(000063),广东省深圳市南山区高新技术产业园科技南路中兴通讯大厦,广东省深圳市南山区高新技术产业园科技南路中兴通讯大厦,www.zte.com.cn,1997/11/18
广东省,深圳市,南山区,中国长城,中国长城科技集团股份有限公司,计算机硬件,657781,34779,5.30%,中国长城(000066),广东省深圳南山区科技工业园长城计算机大厦,广东省深圳南山区科技工业园长城计算机大厦,www.greatwall.cn,1997/6/26
广东省,深圳市,南山区,华侨城A,深圳华侨城股份有限公司,酒店业,1936846,627169,32.40%,华侨城A(000069),广东省深圳市南山区华侨城,广东省深圳市南山区华侨城集团办公大楼,www.octholding.com,1997/9/10
广东省,深圳市,南山区,特发信息,深圳市特发信息股份有限公司,通讯设备,375452,22696,6.00%,特发信息(000070),广东省深圳市南山区高新区中区科丰路2号特发信息港大厦B栋18楼,广东省深圳市南山区高新区中区科丰路2号特发信息港大厦B栋18楼,www.sdgi.com.cn,2000/5/11
广东省,深圳市,南山区,海王生物,深圳市海王生物工程股份有限公司,制药,1615516,75001,4.60%,海王生物(000078),广东省深圳市南山区科技园科技中三路1号海王银河科技大厦24楼,广东省深圳市南山区科技园科技中三路1号海王银河科技大厦24楼,www.neptunus.com,1998/12/18
广东省,深圳市,南山区,广聚能源,深圳市广聚能源股份有限公司,油气综采,86979,13942,16.00%,广聚能源(000096),广东省深圳市南山区海德三道天利中央商务广场22楼,广东省深圳市南山区海德三道天利中央商务广场22楼,www.gj000096.com,2000/7/24
广东省,深圳市,南山区,中信海直,中信海洋直升机股份有限公司,递送服务,88948,10226,11.50%,中信海直(000099),广东省深圳市罗湖区解放西路188号,广东省深圳市南山区南海大道21号深圳直升机场,www.cohc.citic,2000/7/31
广东省,深圳市,南山区,招商蛇口,招商局蛇口工业区控股股份有限公司,不动产投资开发,2648564,646210,24.40%,招商蛇口(001979),广东省深圳南山区蛇口兴华路6号南海意库3号楼,广东省深圳市南山区蛇口太子路1号新时代广场,www.shekou.com,2015/12/30
广东省,深圳市,南山区,大族激光,大族激光科技产业集团股份有限公司,工业机械,891436,167858,18.80%,大族激光(002008),广东省深圳市南山区深南大道9988号,广东省深圳市南山区深南大道9988号,www.hanslaser.com,2004/6/25
广东省,深圳市,南山区,同洲电子,深圳市同洲电子股份有限公司,通讯设备,51611,-3525,-6.80%,同洲电子(002052),广东省深圳市南山区高新科技园北区彩虹科技大厦六楼,广东省深圳市南山区高新区北区第五工业区彩虹科技大楼A6楼,www.coship.com,2006/6/27
广东省,深圳市,南山区,科陆电子,深圳市科陆电子科技股份有限公司,电子电气组件与设备,280682,28091,10.00%,科陆电子(002121),广东省深圳市光明新区观光路3009号招商局光明科技园A6栋2A,广东省深圳市南山区高新技术产业园北区宝深路科陆大厦,www.szclou.com,2007/3/6
广东省,深圳市,南山区,远望谷,深圳市远望谷信息技术股份有限公司,通讯设备,33766,-2934,-8.70%,远望谷(002161),广东省深圳市南山区高新技术产业园区南区T2栋B座3层,广东省深圳市南山区高新技术产业园区南区T2栋B座3层,www.invengo.cn,2007/8/21
广东省,深圳市,南山区,中航三鑫,中航三鑫股份有限公司,建筑施工,304532,-9693,-3.20%,中航三鑫(002163),广东省深圳市南山区南海大道2061号新保辉大厦17层,广东省深圳市南山区南海大道2061号新保辉大厦17层,www.sanxinglass.com,2007/8/23
广东省,深圳市,南山区,芭田股份,深圳市芭田生态工程股份有限公司,特种化工品,146705,1425,1.00%,芭田股份(002170),广东省深圳市南山区高新技术园粤兴二道10号7-8楼,广东省深圳市南山区高新技术园粤兴二道10号,www.batian.com.cn,2007/9/19
广东省,深圳市,南山区,劲嘉股份,深圳劲嘉集团股份有限公司,商业辅助服务,209953,58603,27.90%,劲嘉股份(002191),广东省深圳市南山区高新技术产业园区科技中二路劲嘉科技大厦18-19层,广东省深圳市南山区高新技术产业园区科技中二路劲嘉科技大厦18－19层,www.jinjia.com,2007/12/5
广东省,深圳市,南山区,拓日新能,深圳市拓日新能源科技股份有限公司,半导体,120086,12714,10.60%,拓日新能(002218),广东省深圳市南山区侨城北路香年广场[南区]主楼（A座）栋―座8层802、803、804号房,广东省深圳市南山区侨香路6060号香年广场A栋8楼802-804室,www.topraysolar.com;www.topraysolar.cn,2008/2/28
广东省,深圳市,南山区,奥特迅,深圳奥特迅电力设备股份有限公司,电子电气组件与设备,21513,-65,-0.30%,奥特迅(002227),广东省深圳市南山区高新技术产业园北区松坪山路3号奥特迅电力大厦,广东省深圳市南山区高新技术产业园北区松坪山路3号奥特迅电力大厦,www.atc-a.com,2008/5/6
广东省,深圳市,南山区,彩虹精化,深圳市彩虹精细化工股份有限公司,特种化工品,43501,9010,20.70%,兆新股份(002256),广东省深圳市宝安区石岩镇上屋彩虹工业城,广东省深圳市南山区高新技术产业园二期科技中二路深圳软件园11栋6楼,www.7cf.com,2008/6/25
广东省,深圳市,南山区,宇顺电子,深圳市宇顺电子股份有限公司,电子电气组件与设备,31475,-8119,-25.80%,宇顺电子(002289),广东省深圳市南山区粤海街道深圳市软件产业基地1栋A座13层1302,广东省深圳市南山区深圳市软件产业基地1栋A座13层,www.szsuccess.com.cn,2009/9/3
广东省,深圳市,南山区,南山控股,深圳市新南山控股(集团)股份有限公司,不动产投资开发,270796,49306,18.20%,南山控股(002314),广东省深圳市南山区高新区南区科技南十二路007号九洲电器大厦五楼A室,广东省深圳市南山区海德三道卓越后海中心1801号,www.szyazhi.com,2009/12/3
广东省,深圳市,南山区,键桥通讯,深圳键桥通讯技术股份有限公司,移动通信服务,30515,-4825,-15.80%,键桥通讯(002316),广东省深圳市南山区高新科技园后海大道2388号怡化金融科技大厦24层,广东省深圳市南山区后海大道2388号怡化金融科技大厦24层,www.keybridge.com.cn,2009/12/9
广东省,深圳市,南山区,富安娜,深圳市富安娜家居用品股份有限公司,服装与服饰,153854,29690,19.30%,富安娜(002327),广东省深圳市南山区创业南油大道西路自行车加工厂1栋,广东省深圳市南山区南光路富安娜工业大厦,www.fuanna.com.cn,2009/12/30
广东省,深圳市,南山区,英威腾,深圳市英威腾电气股份有限公司,电子电气组件与设备,140764,16984,12.10%,英威腾(002334),广东省深圳市南山区龙井高发科技工业园4号厂房,广东省深圳市南山区龙井高发科技工业园4号厂房,www.invt.com.cn,2010/1/13
广东省,深圳市,南山区,人人乐,人人乐连锁商业集团股份有限公司,百货零售,685471,-20921,-3.10%,人人乐(002336),广东省深圳市南山区前海路心语家园裙楼二层,广东省深圳市南山区前海路心语家园裙楼二层,www.renrenle.cn,2010/1/13
广东省,深圳市,南山区,漫步者,深圳市漫步者科技股份有限公司,电子电气组件与设备,63699,12578,19.70%,漫步者(002351),广东省深圳市南山区科技园深南大道9998号万利达科技大厦22层9单元,广东省深圳市南山区科技园深南大道9998号万利达科技大厦22层9单元,www.edifier.com;www.manbuzhe.com,2010/2/5
广东省,深圳市,南山区,卓翼科技,深圳市卓翼科技股份有限公司,通讯设备,187032,-1360,-0.70%,卓翼科技(002369),广东省深圳市南山区西丽民企科技工业园5栋,广东省深圳市南山区西丽民企科技工业园5栋,www.zowee.com.cn,2010/3/16
广东省,深圳市,南山区,海普瑞,深圳市海普瑞药业股份有限公司,制药,178827,3585,2.00%,海普瑞(002399),广东省深圳市南山区松坪山郎山路21号,广东省深圳市南山区松坪山郎山路21号,www.hepalink.com,2010/5/6
广东省,深圳市,南山区,和而泰,深圳和而泰智能控制股份有限公司,电子电气组件与设备,143561,16802,11.70%,和而泰(002402),广东省深圳市南山区高新南区科技南十路6号深圳航天科技创新研究院大厦D座10楼1010-1011,广东省深圳市南山区高新南区科技南十路6号深圳航天科技创新研究院大厦D座10楼,www.szhittech.com,2010/5/11
广东省,深圳市,南山区,爱施德,深圳市爱施德股份有限公司,综合供应商,3907313,28456,0.70%,爱施德(002416),广东省深圳市福田区泰然大道东泰然劲松大厦20F,深圳市南山区沙河西路3151号新兴产业园（健兴科技大厦）C栋8楼,www.aisidi.com,2010/5/28
广东省,深圳市,南山区,天虹股份,天虹商场股份有限公司,百货零售,1293876,64780,5.00%,天虹股份(002419),广东省深圳市南山区中心路（深圳湾段）3019号天虹大厦9-14楼、17-20楼,广东省深圳市南山区中心路（深圳湾段）3019号天虹大厦9-14楼、17-20楼,www.rainbow.cn,2010/6/1
广东省,深圳市,南山区,达实智能,深圳达实智能股份有限公司,计算机服务,179767,24239,13.50%,达实智能(002421),广东省深圳市南山区高新技术产业园W1-A栋5楼,广东省深圳市南山区高新技术产业园达实智能大厦,www.chn-das.com,2010/6/3
广东省,深圳市,南山区,兴森科技,深圳市兴森快捷电路科技股份有限公司,电子电气组件与设备,247750,17909,7.20%,兴森科技(002436),广东省深圳市南山区白石路与沙河西路交汇处深圳湾科技生态园一区2栋A座8层8A01-8A07、9层9A01-9A07,广东省深圳市南山区深南路科技园工业厂房25栋1段3层,www.chinafastprint.com,2010/6/18
广东省,深圳市,南山区,科士达,深圳科士达科技股份有限公司,电子电气组件与设备,170948,27480,16.10%,科士达(002518),广东省深圳市南山区高新北区科技中二路软件园1栋4楼401、402室,广东省深圳市南山区高新北区科技中二路软件园1栋4楼401、402室,www.kstar.com.cn,2010/12/7
广东省,深圳市,南山区,海能达,海能达通信股份有限公司,通讯设备,317396,-367,-0.10%,海能达(002583),广东省深圳市南山区高新区北区北环路9108号海能达大厦,广东省深圳市南山区高新区北区北环路好易通大厦,www.hytera.cn,2011/5/27
广东省,深圳市,南山区,奥拓电子,深圳市奥拓电子股份有限公司,电子电气组件与设备,65557,8563,13.10%,奥拓电子(002587),广东省深圳市南山区粤海街道学府路63号高新区联合总部大厦10楼,广东省深圳市南山区学府路63号高新区联合总部大厦9楼、10楼,www.szaoto.com.cn,2011/6/10
广东省,深圳市,南山区,丹邦科技,深圳丹邦科技股份有限公司,电子电气组件与设备,22902,1227,5.40%,丹邦科技(002618),广东省深圳市南山区高新园朗山一路丹邦科技大楼,广东省深圳市南山区高新园朗山一路丹邦科技大楼,www.danbang.com,2011/9/20
广东省,深圳市,南山区,茂硕电源,茂硕电源科技股份有限公司,电子电气组件与设备,129202,4031,3.10%,茂硕电源(002660),广东省深圳市南山区松白路关外小白芒桑泰工业园,广东省深圳市南山区西丽茂硕科技园（松白路1061号）,www.mosopower.com,2012/3/16
广东省,深圳市,南山区,东江环保,东江环保股份有限公司,综合公共事业,216031,42397,19.60%,东江环保(002672),广东省深圳市南山区高新区北区朗山路9号东江环保大楼1楼、3楼、8楼北面、9楼、10楼、11楼、12楼,广东省深圳市南山区高新区北区朗山路9号东江环保大楼1楼、3楼、8楼北面、9-12楼,www.dongjiang.com.cn,2012/4/26
广东省,深圳市,南山区,索菱股份,深圳市索菱实业股份有限公司,电子电气组件与设备,95579,11947,12.50%,索菱股份(002766),广东省深圳市南山区深南大道9678号大冲商务中心1栋2号楼（B座）28楼,广东省深圳市南山区粤海街道深南大道 9678号大冲商务中心1栋2号楼(B座)28楼,www.szsoling.com,2015/6/11
广东省,深圳市,南山区,路畅科技,深圳市路畅科技股份有限公司,通讯设备,55404,1367,2.50%,路畅科技(002813),广东省深圳市南山区海天一路11号5栋C座8楼、9楼,广东省深圳市南山区海天一路11号5栋C座8楼、9楼,www.roadrover.cn,2016/10/12
广东省,深圳市,南山区,同为股份,深圳市同为数码科技股份有限公司,电子设备,38195,1972,5.20%,同为股份(002835),广东省深圳市南山区粤海街道深圳湾科技生态园9栋B4座23楼,广东省深圳市南山区深圳湾科技生态园9栋B4座23楼,www.tvt.net.cn,2016/12/28
广东省,深圳市,南山区,麦格米特,深圳麦格米特电气股份有限公司,电子电气组件与设备,102360,12478,12.20%,麦格米特(002851),广东省深圳市南山区高新区北区朗山路13号清华紫光科技园5层A、B、C501-503、D、E,广东省深圳市南山区高新区北区朗山路13号清华紫光科技园5层A、B、C501-503、D、E,www.megmeet.com,2017/3/6
广东省,深圳市,南山区,金溢科技,深圳市金溢科技股份有限公司,通讯设备,42078,6313,15.00%,金溢科技(002869),广东省深圳市南山区科苑路清华信息港研发楼A栋12层,广东省深圳市南山区科苑路清华信息港研发楼A栋12层,www.genvict.com,2017/5/15
广东省,深圳市,南山区,沃特股份,深圳市沃特新材料股份有限公司,特种化工品,52056,2697,5.20%,沃特股份(002886),广东省深圳市南山区南头关口二路智恒战略性新兴产业园10栋1至2楼,广东省深圳市南山区南头关口二路智恒战略性新兴产业园10栋1至2楼,www.wotlon.com,2017/6/27
广东省,深圳市,南山区,中新赛克,深圳市中新赛克科技股份有限公司,软件,30313,10119,33.40%,中新赛克(002912),广东省深圳市南山区粤海街道高新技术产业园区南区高新南一道021号思创科技大厦二楼东面中二号,广东省深圳市南山区粤海街道高新技术产业园区南区高新南一道021号思创科技大厦二楼东,www.sinovatio.com,2017/11/21
广东省,深圳市,南山区,深南电路,深南电路股份有限公司,电子电气组件与设备,421431,33304,7.90%,深南电路(002916),广东省深圳市南山区侨城东路99号,广东省深圳市南山区侨城东路99号,www.scc.com.cn,2017/12/13
广东省,深圳市,南山区,金奥博,深圳市金奥博科技股份有限公司,特种化工品,30135,6240,20.70%,金奥博(002917),广东省深圳市南山区高新技术产业园区（南区）R2-A栋3、4层,广东省深圳市南山区高新技术产业园区（南区）R2-A栋3、4层,www.kingexplorer.com,2017/12/8
广东省,深圳市,南山区,南玻A,中国南玻集团股份有限公司,建材与构件,779091,79955,10.30%,南玻B(200012),广东省深圳市蛇口工业六路一号南玻大厦,广东省深圳市蛇口工业六路一号南玻大厦,www.csgholding.com,1992/2/28
广东省,深圳市,南山区,深康佳A,康佳集团股份有限公司,电子电气组件与设备,2016362,45,0.00%,深康佳B(200016),广东省深圳市南山区粤海街道科技园科技南十二路28号康佳研发大厦15-24层,广东省深圳市南山区科技南十二路28号康佳研发大厦23-24层,www.konka.com,1992/3/27
广东省,深圳市,南山区,深深宝A,深圳市深宝实业股份有限公司,软饮料,23075,-3077,-13.30%,深深宝B(200019),广东省深圳市南山区粤海街道学府路科技园南区软件产业基地4栋B座8层,广东省深圳市南山区学府路科技园南区软件产业基地4栋B座8层,www.sbsy.com.cn,1992/10/12
广东省,深圳市,南山区,深华发A,深圳中恒华发股份有限公司,电子电气组件与设备,67236,-151,-0.20%,深华发B(200020),广东省深圳市福田区华发北路411幢,广东省深圳市南山区大冲商务中心2号楼33层,www.hwafa.com.cn,1992/4/28
广东省,深圳市,南山区,深赤湾A,深圳赤湾港航股份有限公司,运输服务,186291,72556,38.90%,深赤湾B(200022),广东省深圳市赤湾,广东省深圳市赤湾石油大厦8楼,www.szcwh.com,1993/5/5
广东省,深圳市,南山区,飞亚达A,飞亚达(集团)股份有限公司,服装与服饰,247565,17581,7.10%,飞亚达B(200026),广东省深圳市南山区高新南一道飞亚达科技大厦,广东省深圳市南山区高新南一道飞亚达科技大厦20楼,www.fiytagroup.com,1993/6/3
广东省,深圳市,南山区,深南电A,深圳南山热电股份有限公司,电力（IV）,157085,-657,-0.40%,深南电B(200037),广东省深圳市南山区月亮湾大道2097号,广东省深圳市华侨城汉唐大厦16-17楼,www.nsrd.com.cn,1994/7/1
广东省,深圳市,南山区,方大集团,方大集团股份有限公司,建材与构件,205275,42141,20.50%,方大B(200055),广东省深圳市高新区科技南十二路方大大厦,广东省深圳市南山区高新区科技南十二路方大大厦二十楼,www.fangda.com,1996/4/15
广东省,深圳市,南山区,朗科科技,深圳市朗科科技股份有限公司,计算机服务,72515,4241,5.80%,朗科科技(300042),广东省深圳市南山区高新技术产业园区高新南六道朗科大厦16、18、19楼,广东省深圳市南山区高新技术产业园区高新南六道朗科大厦16层,www.netac.com.cn,2010/1/8
广东省,深圳市,南山区,赛为智能,深圳市赛为智能股份有限公司,计算机服务,91690,9842,10.70%,赛为智能(300044),广东省深圳市南山区高新区科技中二路软件园2号楼3楼,广东省深圳市南山区高新区科技中二路软件园2号楼3楼,www.szsunwin.com,2010/1/20
广东省,深圳市,南山区,中青宝,深圳中青宝互动网络股份有限公司,互联网,22980,1552,6.80%,中青宝(300052),广东省深圳市福田区深南大道1006号国际创新中心C栋10楼,广东省深圳市南山区科技园南区W1B栋4楼,www.zqgame.com.cn,2010/2/11
广东省,深圳市,南山区,国民技术,国民技术股份有限公司,电子电气组件与设备,53855,3918,7.30%,国民技术(300077),广东省深圳市南山区高新技术产业园区深圳软件园3栋301、302,广东省深圳市南山区高新南区粤兴三道9号华中科技大学产学研基地A座2-8层,www.nationz.com.cn,2010/4/30
广东省,深圳市,南山区,万讯自控,深圳万讯自控股份有限公司,工业机械,37244,5405,14.50%,万讯自控(300112),广东省深圳市南山区高新技术产业园北区三号路万讯自控大楼1-6层,广东省深圳市南山区高新技术产业园北区三号路万讯自控大楼1-6层,www.maxonic.com.cn,2010/8/27
广东省,深圳市,南山区,信维通信,深圳市信维通信股份有限公司,电子设备,248210,71568,28.80%,信维通信(300136),广东省深圳市宝安区沙井街道西环路1013号A.B栋,广东省深圳市南山区科技园科丰路2号特发信息港大厦A栋北3楼,www.sz-sunway.com.cn,2010/11/5
广东省,深圳市,南山区,雷曼股份,深圳雷曼光电科技股份有限公司,电子电气组件与设备,47285,3113,6.60%,雷曼股份(300162),广东省深圳市南山区松白公路百旺信工业园区二区第八栋,广东省深圳市南山区松白公路百旺信工业园区二区第八栋,www.ledman.cn,2011/1/13
广东省,深圳市,南山区,迪威视讯,深圳市迪威视讯股份有限公司,通讯设备,30157,-132,-0.40%,迪威视讯(300167),广东省深圳市南山区茶光路1089号深圳集成电路设计应用产业园306-1、306-2、307-2室,广东省深圳市南山区西丽镇茶光路南侧深圳集成电路设计应用产业园3楼、4楼,www.dvision.cn,2011/1/25
广东省,深圳市,南山区,翰宇药业,深圳翰宇药业股份有限公司,制药,71446,24813,34.70%,翰宇药业(300199),广东省深圳市南山区高新技术工业园中区翰宇生物医药园办公大楼四层,广东省深圳市南山区高新技术工业园中区翰宇生物医药园四楼,www.hybio.com.cn,2011/4/7
广东省,深圳市,南山区,理邦仪器,深圳市理邦精密仪器股份有限公司,医疗设备,63056,3258,5.20%,理邦仪器(300206),广东省深圳市坪山新区坑梓街道金沙社区金辉路15号,广东省深圳市南山区蛇口南海大道1019号南山医疗器械园B栋三楼,www.edan.com.cn,2011/4/21
广东省,深圳市,南山区,光韵达,深圳光韵达光电科技股份有限公司,电子电气组件与设备,34369,4996,14.50%,光韵达(300227),广东省深圳市南山区高新区北区朗山路13号清华紫光科技园C座1层,广东省深圳市南山区高新区北区朗山路13号清华紫光信息港C座1层,www.sunshine-laser.com,2011/6/8
广东省,深圳市,南山区,方直科技,深圳市方直科技股份有限公司,软件,8004,1114,13.90%,方直科技(300235),广东省深圳市南山区科技中二路深圳软件园12＃楼302,广东省深圳市南山区大新路198号创新大厦B栋9楼,www.kingsunedu.com,2011/6/29
广东省,深圳市,南山区,瑞丰光电,深圳市瑞丰光电子股份有限公司,电子电气组件与设备,121255,5656,4.70%,瑞丰光电(300241),广东省深圳市光明新区公明办事处田寮社区第十工业区1栋六楼,广东省深圳市南山区科技南十二路28号康佳研发大厦5层5C,www.refond.com,2011/7/12
广东省,深圳市,南山区,金信诺,深圳金信诺高新技术股份有限公司,电子电气组件与设备,161782,16787,10.40%,金信诺(300252),广东省深圳市高新区中区深圳软件园9号楼302室,广东省深圳市南山区科技中二路深圳软件园9号楼302室,www.kingsignal.com,2011/8/18
广东省,深圳市,南山区,联建光电,深圳市联建光电股份有限公司,电子设备,281717,39282,13.90%,联建光电(300269),广东省深圳市宝安区68区留仙三路安通达工业厂区四号厂房2楼,广东省深圳市南山区深圳湾科技生态园9栋B1座19楼,www.lcjh.com,2011/10/12
广东省,深圳市,南山区,任子行,任子行网络技术股份有限公司,软件,65039,7327,11.30%,任子行(300311),广东省深圳市南山区高新区科技中2路软件园2栋6楼,广东省深圳市南山区高新区科技中2路软件园2栋6楼,www.1218.com.cn,2012/4/25
广东省,深圳市,南山区,长亮科技,深圳市长亮科技股份有限公司,计算机服务,50847,2917,5.70%,长亮科技(300348),广东省深圳市南山区粤海街道沙河西路深圳湾科技生态园一区2栋A座5层,广东省深圳市南山区沙河西路深圳湾科技生态园一区2栋A座5层,www.sunline.cn,2012/8/17
广东省,深圳市,南山区,赢合科技,深圳市赢合科技股份有限公司,工业机械,118634,15480,13.00%,赢合科技(300457),广东省深圳市龙华区龙华街道和平东路港之龙科技园科技孵化中心5楼E、I区；深圳市龙华区大浪办事处同胜社区,广东省深圳市南山区海德三道天利中央广场B座10楼1001,www.yhwins.com/cn,2015/5/14
广东省,深圳市,南山区,四方精创,深圳四方精创资讯股份有限公司,软件与计算机服务,33082,5374,16.20%,四方精创(300468),广东省深圳市南山区科技中二路深圳科技园12#楼402、深圳软件园（2期）13栋302室,广东省深圳软件园（2期）13栋302室,www.formssi.com,2015/5/27
广东省,深圳市,南山区,蓝海华腾,深圳市蓝海华腾技术股份有限公司,电子电气组件与设备,44299,12664,28.60%,蓝海华腾(300484),广东省深圳市南山区西丽阳光社区新锋大楼B栋第6层,广东省深圳市南山区西丽阳光社区新锋大楼B栋第6层,www.v-t.net.cn,2016/3/22
广东省,深圳市,南山区,名家汇,深圳市名家汇科技股份有限公司,建筑施工,41300,13750,33.30%,名家汇(300506),广东省深圳市南山区南山街道东滨路4351号荔源商务大厦A座13、14、15楼,广东省深圳市南山区南油大道西海岸大厦17 层,www.minkave.com,2016/3/24
广东省,深圳市,南山区,友讯达,深圳友讯达科技股份有限公司,通讯设备,35052,5433,15.50%,友讯达(300514),广东省深圳市南山区桃源街道光前工业区十七栋六楼,广东省深圳市南山区桃源街道光前工业区十七栋六楼,www.friendcom.cn,2017/4/26
广东省,深圳市,南山区,优博讯,深圳市优博讯科技股份有限公司,通讯设备,28064,4171,14.90%,优博讯(300531),广东省深圳市南山区高新区南区粤兴三道8号中国地质大学产学研基地中地大楼A701-710,广东省深圳市南山区高新区南区粤兴三道8号中国地质大学产学研基地中地大楼A701-710,www.urovo.com,2016/8/9
广东省,深圳市,南山区,冰川网络,深圳冰川网络股份有限公司,计算机服务,22493,7297,32.40%,冰川网络(300533),广东省深圳市南山区科技中二路1号深圳软件园（2期）9栋601、602室,广东省深圳市南山区科技中二路1号深圳软件园（2期）9栋601、602室,www.q1.com,2016/8/18
广东省,深圳市,南山区,雄帝科技,深圳市雄帝科技股份有限公司,软件与计算机服务,22642,4338,19.20%,雄帝科技(300546),广东省深圳市南山区粤海街道深圳市软件产业基地1栋C座9层,广东省深圳市南山区粤海街道深圳市软件产业基地1栋C座9层,www.xiongdi.cn,2016/9/28
广东省,深圳市,南山区,安车检测,深圳市安车检测股份有限公司,工业机械,28944,7143,24.70%,安车检测(300572),广东省深圳市南山区科技中2路1号深圳软件园（二期）9栋4楼401室,广东省深圳市南山区科技中2路1号深圳软件园（二期）9栋4楼401室,www.anche.cn,2016/12/6
广东省,深圳市,南山区,康泰生物,深圳康泰生物制品股份有限公司,生物科技,79438,15520,19.50%,康泰生物(300601),广东省深圳市南山区科技工业园科发路6号,广东省深圳市南山区科技工业园科发路6号,www.biokangtai.com,2017/2/7
广东省,深圳市,南山区,飞荣达,深圳市飞荣达科技股份有限公司,电子设备,74017,8093,10.90%,飞荣达(300602),广东省深圳市南山区桃源街道北环路猫头山高发工业区高发8＃厂房一至六层、3#厂房五层西等,广东省深圳市南山区桃源街道北环路猫头山高发工业区高发8＃厂房一至六层、3#厂房五层,www.frd.cn,2017/1/26
广东省,深圳市,南山区,欣天科技,深圳市欣天科技股份有限公司,通讯设备,16596,2198,13.20%,欣天科技(300615),广东省深圳市南山区茶光路波顿科技园B栋万科云创17层05号,广东省深圳市南山区茶光路波顿科技园B栋万科云创17层05号,www.xdc-industries.com,2017/2/15
广东省,深圳市,南山区,开立医疗,深圳开立生物医疗科技股份有限公司,医疗设备,63824,11351,17.80%,开立医疗(300633),广东省深圳市南山区玉泉路毅哲大厦4、5、8、9、10楼,广东省深圳市南山区玉泉路毅哲大厦10楼,www.sonoscape.com,2017/4/6
广东省,深圳市,南山区,广和通,深圳市广和通无线股份有限公司,通讯设备,31515,2741,8.70%,广和通(300638),广东省深圳市南山区南海大道1057号科技大厦二期A栋501A号,广东省深圳市南山区南海大道1057号科技大厦二期A栋501A号,www.fibocom.com.cn,2017/4/13
广东省,深圳市,南山区,民德电子,深圳市民德电子科技股份有限公司,电子电气组件与设备,7988,2820,35.30%,民德电子(300656),广东省深圳市南山区高新区中区科技园工业厂房25栋1段5层（1）号,广东省深圳市南山区高新区中区科技园工业厂房25栋1段5层（1）号,www.mindeo.cn,2017/5/19
广东省,深圳市,南山区,杰恩设计,深圳市杰恩创意设计股份有限公司,建筑施工,18606,5535,29.70%,杰恩设计(300668),广东省深圳市南山区粤海街道科苑路15号科兴科学园B4单元13楼,广东省深圳市南山区粤海街道科苑路15号科兴科学园B4单元13楼,www.jaid.cn,2017/6/19
广东省,深圳市,南山区,澄天伟业,深圳市澄天伟业科技股份有限公司,电子设备,21542,4481,20.80%,澄天伟业(300689),广东省深圳市南山区商业文化中心区天利中央商务广场天利中央商务广场（二期）C-2604,广东省深圳市南山区商业文化中心区天利中央商务广场天利中央商务广场（二期）C-2604,www.ctwygroup.com,2017/8/9
广东省,深圳市,南山区,盛弘股份,深圳市盛弘电气股份有限公司,电子电气组件与设备,33565,4629,13.80%,盛弘股份(300693),广东省深圳市南山区西丽街道松白路1002号百旺信高科技工业园2区6栋,广东省深圳市南山区西丽街道松白路1002号百旺信高科技工业园2区6栋,www.sinexcel.com,2017/8/22
广东省,深圳市,南山区,英可瑞,深圳市英可瑞科技股份有限公司,电子设备,26819,7714,28.80%,英可瑞(300713),广东省深圳市南山区马家龙工业区77栋二、三层,广东省深圳市南山区马家龙工业区77栋二、三层,www.szincrease.com,2017/11/1
广东省,深圳市,南山区,健康元,健康元药业集团股份有限公司,制药,820787,532170,64.80%,健康元(600380),广东省深圳市南山区高新区北区朗山路17号健康元药业集团大厦,广东省深圳市南山区高新区北区朗山路17号健康元药业集团大厦,www.joincare.com,2001/6/8
广东省,深圳市,南山区,金证股份,深圳市金证科技股份有限公司,软件,276745,6065,2.20%,金证股份(600446),广东省深圳市南山区科技园高新区南区高新南五道金证科技大楼8-9层,广东省深圳市南山区科技园高新区南区高新南五道金证科技大楼8-9层,www.szkingdom.com,2003/12/24
广东省,深圳市,南山区,九有股份,深圳九有股份有限公司,电子设备,52981,1335,2.50%,九有股份(600462),广东省深圳市前海深港合作区前湾一路1号A栋201室,广东省深圳市南山区深南大道9672号大冲商务中心3号楼C座2303单元,www.shixianpaper.com,2003/9/3
广东省,深圳市,南山区,长园集团,长园集团股份有限公司,电子电气组件与设备,531445,70366,13.20%,长园集团(600525),广东省深圳市南山区高新区科苑中路长园新材料港高科技1号厂房,广东省深圳市南山区高新区科苑中路长园新材料港F栋5楼,www.cyg.com,2002/12/2
广东省,深圳市,南山区,禾望电气,深圳市禾望电气股份有限公司,电子电气组件与设备,63299,19012,30.00%,禾望电气(603063),广东省深圳市南山区西丽官龙村第二工业区5号厂房1-3层,广东省深圳市南山区西丽官龙村第二工业区5号厂房1-3层,www.hopewind.com,2017/7/28
广东省,深圳市,南山区,共进股份,深圳市共进电子股份有限公司,通讯设备,539838,12069,2.20%,共进股份(603118),广东省深圳市蛇口南海大道1019号南山医疗器械产业园,广东省深圳市蛇口南海大道1019号南山医疗器械产业园,www.twsz.com,2015/2/25
广东省,深圳市,南山区,诺德股份,诺德投资股份有限公司,有色金属,238368,23168,9.70%,诺德股份(600110),吉林省长春市高新技术产业开发区北区航空街1666号,广东省深圳市南山区深南大道9672号华润城大冲商务中心D座21层,www.kinwa.com.cn,1997/10/7
广东省,深圳市,南山区,创维数字,创维数字股份有限公司,通讯设备,514359,6547,1.30%,创维数字(000810),四川省遂宁市经济技术开发区西宁片区台商工业园内,广东省深圳市南山区科技园高新南一道创维大厦A座16楼,www.skyworthdigital.com,1998/6/2
广东省,深圳市,南山区,旗滨集团,株洲旗滨集团股份有限公司,建材与构件,549270,94636,17.20%,旗滨集团(601636),湖南省醴陵市东富镇龙源冲村,广东省深圳市南山区科技园中二路19号劲嘉科技大厦11楼,www.kibinggroup.com,2011/8/12
广东省,深圳市,南山区,保千里,江苏保千里视像科技集团股份有限公司,电子设备,296103,33249,11.20%,保千里(600074),江苏省南京经济技术开发区兴智路兴智科技园B栋21层,广东省深圳市南山区登良路23号汉京国际大厦16层,www.protruly.com.cn,1997/6/23
广东省,深圳市,南山区,民盛金科,民盛金科控股股份有限公司,普通金融服务,62094,868,1.40%,民盛金科(002647),浙江省诸暨市大唐镇开元东路,广东省深圳市南山区粤海街道海德一道88号中洲控股金融中心A座38层E单元,www.mesonft.com,2011/12/28
广东省,深圳市,南山区,深基地B(200053),,{d1},{d2},#VALUE!,深基地B(200053),广东省深圳市蛇口赤湾,广东省深圳市蛇口赤湾石油大厦14楼,,,
广东省,深圳市,南山区,舜喆B(200168),,{d1},{d2},#VALUE!,舜喆B(200168),广东省普宁市军埠镇美新工业园,广东省深圳市南山区东滨路与后海滨路交汇处海王星辰大厦18F,,,
广东省,广州市,南沙区,惠威科技,广州惠威电声科技股份有限公司,电子电气组件与设备,17871,2327,13.00%,惠威科技(002888),广东省广州市南沙区东涌镇三沙公路13号,广东省广州市南沙区东涌镇三沙公路13号,www.hivi.com,2017/7/21
广东省,广州市,南沙区,广州港,广州港股份有限公司,水上运输,594335,85992,14.50%,广州港(601228),广东省广州市南沙区龙穴大道南9号603房,广东省广州市南沙区龙穴大道南9号603房,www.gzport.com,2017/3/29
广东省,广州市,南沙区,天创时尚,广州天创时尚鞋业股份有限公司,鞋类,120487,17573,14.60%,天创时尚(603608),广东省广州市南沙区东涌镇银沙大街31号,广州市南沙区东涌镇银沙大街31号,www.topscore.com.cn,2016/2/18
广东省,佛山市,南海区,雪莱特,广东雪莱特光电科技股份有限公司,耐用消费品,70337,1707,2.40%,雪莱特(002076),广东省佛山市南海区狮山工业科技工业园A区,广东省佛山市南海区桂城街道桂澜北路2号亿能国际广场2座19楼,www.cnlight.com,2006/10/25
广东省,佛山市,南海区,德奥通航,德奥通用航空股份有限公司,耐用消费品,57640,-4481,-7.80%,德奥通航(002260),广东省佛山市南海区松岗松夏工业园工业大道西,广东省佛山市南海区松岗松夏工业园工业大道西,www.elecpro.com,2008/7/16
广东省,佛山市,南海区,星期六,星期六股份有限公司,鞋类,113598,2705,2.40%,星期六(002291),广东省佛山市南海区桂城街道庆安路2号,广东省佛山市南海区桂城街道庆安路2号,www.st-sat.com,2009/9/3
广东省,佛山市,南海区,东方精工,广东东方精工科技股份有限公司,工业机械,233731,19468,8.30%,东方精工(002611),广东省佛山市南海区狮山镇强狮路2号（办公楼、厂房A、厂房B、宿舍A、宿舍B、饭堂）,广东省佛山市南海区狮山镇强狮路2号,www.vmtdf.com,2011/8/30
广东省,佛山市,南海区,德联集团,广东德联集团股份有限公司,通用化工品,194170,11561,6.00%,德联集团(002666),广东省佛山市南海区小塘狮山新城开发区,广东省佛山市南海区狮山镇松岗虹岭二路386号,www.delian.cn,2012/3/27
广东省,佛山市,南海区,南风股份,南方风机股份有限公司,工业机械,50741,-1230,-2.40%,南风股份(300004),广东省佛山市南海区小塘三环西路(狮南段)31号,广东省佛山市南海区小塘三环西路(狮南段)31号,www.ntfan.com,2009/10/30
广东省,佛山市,南海区,南华仪器,佛山市南华仪器股份有限公司,工业机械,13168,2969,22.50%,南华仪器(300417),广东省佛山市南海区桂城街道夏南路59号；广东省佛山市南海区桂城街平胜工业区大马头,广东省佛山市南海区桂城街道夏南路59号,www.nanhua.com.cn,2015/1/23
广东省,佛山市,南海区,雄塑科技,广东雄塑科技集团股份有限公司,管道输送,105922,10804,10.20%,雄塑科技(300599),广东省佛山市南海区九江镇龙高路敦根路段雄塑工业园,广东省佛山市南海区九江镇龙高路敦根路段雄塑工业园,www.xiongsu.cn,2017/1/23
广东省,佛山市,南海区,新劲刚,广东新劲刚新材料科技股份有限公司,建材与构件,16756,1401,8.40%,新劲刚(300629),广东省佛山市南海区丹灶镇五金工业区博金路6号办公楼及车间,广东省佛山市南海区丹灶镇五金工业区博金路6号,www.king-strong.com,2017/3/24
广东省,佛山市,南海区,瀚蓝环境,瀚蓝环境股份有限公司,水务,306042,64721,21.10%,瀚蓝环境(600323),广东省佛山市南海区桂城南海大道财联大厦,广东省佛山市南海区桂城南海大道建行大厦,www.grandblue.cn,2000/12/25
广东省,佛山市,南海区,N蒙娜(002918),,206201,28707,13.90%,N蒙娜(002918),广东省佛山市南海区西樵轻纺城工业园,广东省佛山市南海区西樵轻纺城工业园,,,
广东省,梅州市,梅县,宝新能源,广东宝丽华新能源股份有限公司,电力（IV）,180856,32890,18.20%,宝新能源(000690),广东省梅州市梅县华侨城香港花园宝丽华综合大楼,广东省梅州市梅县华侨城香港花园宝丽华综合大楼,www.baolihua.com.cn,1997/1/28
广东省,梅州市,梅县,嘉应制药,广东嘉应制药股份有限公司,制药,29343,1476,5.00%,嘉应制药(002198),广东省梅州市东升工业园B区,广东省梅州市东升工业园B区,www.gdjyzy.com.cn,2007/12/18
广东省,梅州市,梅县,超华科技,广东超华科技股份有限公司,电子电气组件与设备,99434,3692,3.70%,超华科技(002288),广东省梅州市梅县区宪梓南路19号,广东省梅县雁洋镇超华工业园,www.chaohuatech.com,2009/9/3
广东省,梅州市,梅县,梅雁吉祥,广东梅雁吉祥水电股份有限公司,电力（IV）,18955,11703,61.70%,梅雁吉祥(600868),广东省梅州市梅县新县城沿江南路1号,广东省梅州市梅县新县城沿江南路1号,www.chinameiyan.com,1994/9/12
广东省,茂名市,茂南区,茂化实华,茂名石化实华股份有限公司,通用化工品,330811,11127,3.40%,茂化实华(000637),广东省茂名市官渡路162号,广东省茂名市官渡路162号,www.mhsh0637.com.cn,1996/11/14
广东省,湛江市,麻章区,国联水产,湛江国联水产开发股份有限公司,农业与渔业,301445,11981,4.00%,国联水产(300094),广东省湛江开发区平乐工业区永平南路,广东省湛江经济技术开发区永平南路6号,www.gl-fish.com,2010/7/8
广东省,湛江市,麻章区,冠豪高新,广东冠豪高新技术股份有限公司,造纸,139494,4126,3.00%,冠豪高新(600433),广东省湛江市东海岛东海大道313号,广东省湛江市东海岛东海大道313号,www.guanhao.com,2003/6/19
广东省,广州市,萝岗区,达志科技,广东达志环保科技股份有限公司,通用化工品,10524,4451,42.30%,达志科技(300530),广东省广州经济技术开发区永和经济区田园东路1号、2号,广东省广州经济技术开发区永和经济区田园东路1号、2号,www.dazhitech.com,2016/8/9
广东省,广州市,萝岗区,穗恒运A,广州恒运企业集团股份有限公司,电力（IV）,222358,21088,9.50%,穗恒运A(000531),广东省广州市萝岗区西基工业区西基路,广东省广州开发区开发大道235号恒运大厦6-6M层,www.hengyun.com.cn,1994/1/6
广东省,广州市,萝岗区,广电运通,广州广电运通金融电子股份有限公司,工业机械,243295,84555,34.80%,广电运通(002152),广东省广州市萝岗区科学城科林路9号,广东省广州市萝岗区科学城科林路9号,www.grgbanking.com,2007/8/13
广东省,广州市,萝岗区,御银股份,广州御银科技股份有限公司,工业机械,39071,-936,-2.40%,御银股份(002177),广东省广州市天河区高唐路234号901房,广东省广州市萝岗区瑞发路12号,www.kingteller.com.cn,2007/11/1
广东省,广州市,萝岗区,达意隆,广州达意隆包装机械股份有限公司,工业机械,68747,-1668,-2.40%,达意隆(002209),广州市黄埔区云埔一路23号,广东省广州市萝岗区云埔一路23号,www.tech-long.com,2008/1/30
广东省,广州市,萝岗区,威创股份,威创集团股份有限公司,电子电气组件与设备,79964,18905,23.60%,威创股份(002308),广东省广州高新技术产业开发区科珠路233号,广东省广州高新技术产业开发区科珠路233号,www.vtron.com,2009/11/27
广东省,广州市,萝岗区,阳普医疗,广州阳普医疗科技股份有限公司?,医疗设备,37593,1346,3.60%,阳普医疗(300030),广东省广州市经济技术开发区科学城开源大道102号,广东省广州市经济技术开发区科学城开源大道102号,www.improve-medical.com,2009/12/25
广东省,广州市,萝岗区,高新兴,高新兴科技集团股份有限公司,软件与计算机服务,135731,30527,22.50%,高新兴(300098),广东省广州市萝岗区科学城开创大道2819号六楼,广东省广州市萝岗区科学城开创大道2819号,www.gosuncn.com,2010/7/28
广东省,广州市,萝岗区,汤臣倍健,汤臣倍健股份有限公司,食品生产（IV）,235023,97337,41.40%,汤臣倍健(300146),广东省珠海市金湾区三灶科技工业园星汉路19号,广东省广州市萝岗区科学城科学大道中99号科汇金谷科汇三街3号,www.by-health.com.cn,2010/12/15
广东省,广州市,萝岗区,香雪制药,广州市香雪制药股份有限公司,制药,163163,7728,4.70%,香雪制药(300147),广东省广州市萝岗区广州经济技术开发区科学城金峰园路2号,广东省广州市萝岗区广州经济技术开发区科学城金峰园路2号,www.xphcn.com,2010/12/15
广东省,广州市,萝岗区,安居宝,广东安居宝数码科技股份有限公司,电子设备,54922,775,1.40%,安居宝(300155),广东省广州高新技术产业开发区科学城起云路6号自编一栋,广东省广州高新技术产业开发区科学城起云路6号自编二栋,www.anjubao.com,2011/1/7
广东省,广州市,萝岗区,迪森股份,广州迪森热能技术股份有限公司,综合公共事业,127162,23412,18.40%,迪森股份(300335),广东省广州市经济开发区东区东众路42号,广东省广州市经济开发区东区东众路42号,www.devotiongroup.com,2012/7/10
广东省,广州市,萝岗区,航新科技,广州航新航空科技股份有限公司,航空航天,30413,3283,10.80%,航新科技(300424),广东省广州市经济技术开发区科学城光宝路1号,广东省广州市经济技术开发区科学城光宝路1号,www.hangxin.com,2015/4/22
广东省,广州市,萝岗区,万孚生物,广州万孚生物技术股份有限公司,生物科技,75655,18160,24.00%,万孚生物(300482),广东省广州市萝岗区科学城荔枝山路8号,广东省广州市萝岗区科学城荔枝山路8号,www.wondfo.com.cn,2015/6/30
广东省,广州市,萝岗区,昊志机电,广州市昊志机电股份有限公司,工业机械,30898,5984,19.40%,昊志机电(300503),广东省广州经济技术开发区永和经济区江东街6号,广东省广州经济技术开发区永和经济区江东街6号,www.haozhihs.com,2016/3/9
广东省,广州市,萝岗区,宏昌电子,宏昌电子材料股份有限公司,特种化工品,81709,3847,4.70%,宏昌电子(603002),广东省广州市萝岗区云埔一路一号之二,广东省广州市萝岗区云埔一路一号之二,www.graceepoxy.com,2012/5/18
广东省,广州市,萝岗区,原尚股份,广东原尚物流股份有限公司,运输服务,28323,4025,14.20%,原尚股份(603813),广东省广州经济技术开发区东区东众路25号,广东省广州经济技术开发区东区东众路25号,www.gsl.cc/main.asp,2017/9/18
广东省,广州市,萝岗区,爱司凯,广州市爱司凯科技股份有限公司,工业机械,13554,3135,23.10%,爱司凯(300521),广东省广州市中新广州知识城九佛建设新街18号自编112房,广东省广州市中新广州知识城九佛建设新街18号自编112房,www.amsky.cc,2016/7/5
广东省,深圳市,罗湖区,平安银行,平安银行股份有限公司,银行业（IV）,7983300,2500000,31.30%,平安银行(000001),广东省深圳市罗湖区深南东路5047号,广东省深圳市罗湖区深南东路5047号,www.bank.pingan.com,1991/4/3
广东省,深圳市,罗湖区,世纪星源,深圳世纪星源股份有限公司,综合公共事业,31423,-965,-3.10%,世纪星源(000005),广东省深圳市人民南路发展中心大厦13层,广东省深圳市罗湖区深南东路2017号华乐大厦3楼,www.fountain.com.cn,1990/12/10
广东省,深圳市,罗湖区,深振业A,深圳市振业(集团)股份有限公司,不动产投资开发,231926,47011,20.30%,深振业A(000006),广东省深圳市罗湖区宝安南路2014号振业大厦B座11-17层,广东省深圳市罗湖区宝安南路2014号振业大厦B座11-17层,www.zhenye.com,1992/4/27
广东省,深圳市,罗湖区,中国宝安,中国宝安集团股份有限公司,不动产投资开发,487312,41915,8.60%,中国宝安(000009),广东省深圳市笋岗东路1002号宝安广场A座28-29层,广东省深圳市笋岗东路1002号宝安广场A座28-29层,www.chinabaoan.com,1991/6/25
广东省,深圳市,罗湖区,深物业A,深圳市物业发展(集团)股份有限公司,不动产投资开发,265273,75235,28.40%,深物业A(000011),广东省深圳市人民南路国贸大厦39、42层,广东省深圳市人民南路国贸大厦39、42层,www.szwuye.com.cn,1992/3/30
广东省,深圳市,罗湖区,特力A,深圳市特力机电股份有限公司,专业零售,23837,3981,16.70%,特力A(000025),广东省深圳市深南中路中核大厦,广东省深圳市深南中路中核大厦十五楼,www.tellus.cn,1993/6/21
广东省,深圳市,罗湖区,深深房A,深圳经济特区房地产(集团)股份有限公司,不动产投资开发,96459,20511,21.30%,深深房A(000029),广东省深圳市人民南路3005号深房广场47楼,广东省深圳市人民南路深房广场46-47楼,www.sfjt.com.cn,1993/9/15
广东省,深圳市,罗湖区,华联控股,华联控股股份有限公司,不动产投资开发,303060,125053,41.30%,华联控股(000036),广东省深圳市深南中路2008号华联大厦11层(1103-1109室),广东省深圳市深南中路2008号华联大厦11层,www.udcgroup.com,1994/6/17
广东省,深圳市,罗湖区,东旭蓝天,东旭蓝天新能源股份有限公司,建筑施工,517972,36404,7.00%,东旭蓝天(000040),广东省深圳市罗湖区东门中路1011号鸿基大厦25-27楼,广东省深圳市罗湖区东门中路1011号鸿基大厦25-27楼,www.bahjdc.com,1994/8/8
广东省,深圳市,罗湖区,世联行,深圳世联行地产顾问股份有限公司,不动产投资开发,519483,79832,15.40%,世联行(002285),广东省深圳市罗湖区深南东路2028号罗湖商务中心12楼,广东省深圳市罗湖区深南东路2028号罗湖商务中心12楼,www.worldunion.com.cn,2009/8/28
广东省,深圳市,罗湖区,洪涛股份,深圳市洪涛装饰股份有限公司,建筑施工,254371,16171,6.40%,洪涛股份(002325),广东省深圳市罗湖区泥岗西洪涛路17号,广东省深圳市罗湖区泥岗西洪涛路17号,www.szhongtao.cn,2009/12/22
广东省,深圳市,罗湖区,广田集团,深圳广田集团股份有限公司,建筑施工,867421,45677,5.30%,广田集团(002482),广东省深圳市罗湖区深南东路2098号,广东省深圳市罗湖区深南东路2098号广田集团大厦,www.szgt.com,2010/9/29
广东省,深圳市,罗湖区,瑞和股份,深圳瑞和建筑装饰股份有限公司,建筑施工,209474,12451,5.90%,瑞和股份(002620),广东省深圳市罗湖区深南东路3027号瑞和大厦,广东省深圳市罗湖区深南东路3027号瑞和研发中心,www.sz-ruihe.com,2011/9/29
广东省,深圳市,罗湖区,国信证券,国信证券股份有限公司,投资服务,874552,453368,51.80%,国信证券(002736),广东省深圳市罗湖区红岭中路1012号国信证券大厦十六层至二十六层,广东省深圳市罗湖区红岭中路1012号国信证券大厦十六层至二十六层,www.guosen.com.cn,2014/12/29
广东省,深圳市,罗湖区,爱迪尔,深圳市爱迪尔珠宝股份有限公司,服装与服饰,149587,6531,4.40%,爱迪尔(002740),广东省深圳市罗湖区东晓路1005号北楼二、三楼,广东省深圳市罗湖区东晓路1005号北楼二、三楼,www.idr.com.cn,2015/1/22
广东省,深圳市,罗湖区,中装建设,深圳市中装建设集团股份有限公司,建筑施工,217001,14112,6.50%,中装建设(002822),广东省深圳市罗湖区深南东路4002号鸿隆世纪广场四-五层（仅限办公）,深圳市罗湖区深南东路4002号鸿隆世纪广场四―五层（仅限办公）,www.zhongzhuang.com,2016/11/29
广东省,深圳市,罗湖区,周大生,周大生珠宝股份有限公司,百货零售,271235,55454,20.40%,周大生(002867),广东省深圳市罗湖区文锦北路田贝花园裙楼商场叁层301,广东省深圳市罗湖区文锦北路田贝花园裙楼商场叁层301,www.chowtaiseng.com,2017/4/27
广东省,深圳市,罗湖区,深物业A,深圳市物业发展(集团)股份有限公司,不动产投资开发,265273,75235,28.40%,深物业B(200011),广东省深圳市人民南路国贸大厦39、42层,广东省深圳市人民南路国贸大厦39、42层,www.szwuye.com.cn,1992/3/30
广东省,深圳市,罗湖区,特力A,深圳市特力机电股份有限公司,专业零售,23837,3981,16.70%,特力B(200025),广东省深圳市深南中路中核大厦,广东省深圳市深南中路中核大厦十五楼,www.tellus.cn,1993/6/21
广东省,深圳市,罗湖区,深深房A,深圳经济特区房地产(集团)股份有限公司,不动产投资开发,96459,20511,21.30%,深深房B(200029),广东省深圳市人民南路3005号深房广场47楼,广东省深圳市人民南路深房广场46-47楼,www.sfjt.com.cn,1993/9/15
广东省,深圳市,罗湖区,今天国际,深圳市今天国际物流技术股份有限公司,计算机服务,40926,7173,17.50%,今天国际(300532),深圳市罗湖区笋岗东路1002宝安广场A座10楼F、G、H,深圳市罗湖区笋岗东路1002宝安广场A座10楼F、G、H,www.nti56.com,2016/8/18
广东省,深圳市,罗湖区,大晟文化,大晟时代文化投资股份有限公司,互联网,16989,6242,36.70%,大晟文化(600892),广东省深圳市罗湖区笋岗街道梨园路6号物资控股置地大厦21层08室,广东省深圳市罗湖区笋岗街道梨园路6号物资控股置地大厦21层08室,--,1996/3/15
广东省,深圳市,罗湖区,广深铁路,广深铁路股份有限公司,铁路运输,1316766,118858,9.00%,广深铁路(601333),广东省深圳市和平路1052号,广东省深圳市和平路1052号,www.gsrc.com,2006/12/22
广东省,深圳市,罗湖区,东方金钰,东方金钰股份有限公司,服装服饰零售,692323,33711,4.90%,东方金钰(600086),湖北省鄂州市鄂城区武昌大道298号,广东省深圳市罗湖区贝丽北路水贝工业区2栋东方金钰珠宝大厦3楼,www.goldjade.cn,1997/6/6
广东省,深圳市,龙华区,华润三九,华润三九医药股份有限公司,制药,748378,113322,15.10%,华润三九(000999),广东省深圳市龙华区观湖街道观澜高新园区观清路1号,广东省深圳市龙华区观澜高新园区观清路1号,www.999.com.cn,2000/3/9
广东省,深圳市,龙华区,京泉华,深圳市京泉华科技股份有限公司,电子电气组件与设备,74791,5745,7.70%,京泉华(002885),广东省深圳市龙华区观澜街道桂月路325号京泉华工业园,广东省深圳市龙华区观澜街道桂月路325号京泉华工业园,www.everrise.net,2017/6/27
广东省,汕头市,龙湖区,万泽股份,万泽实业股份有限公司,不动产投资开发,24159,1640,6.80%,万泽股份(000534),广东省汕头市珠池路23号光明大厦B幢8楼,广东省汕头市珠池路23号光明大厦B幢8楼,--,1994/1/10
广东省,汕头市,龙湖区,超声电子,广东汕头超声电子股份有限公司,电子电气组件与设备,308397,19866,6.40%,超声电子(000823),广东省汕头市龙湖区龙江路12号,广东省汕头市龙湖区龙江路12号,www.gd-goworld.com,1997/10/8
广东省,汕头市,龙湖区,南洋股份,南洋天融信科技集团股份有限公司,电子电气组件与设备,310129,2294,0.70%,南洋股份(002212),广东省汕头市珠津工业区珠津二街1号,广东省汕头市珠津工业区珠津二街1号,www.nanyangcable.com,2008/2/1
广东省,汕头市,龙湖区,潮宏基,广东潮宏基实业股份有限公司,服装与服饰,228993,26967,11.80%,潮宏基(002345),广东省汕头市龙湖区龙新工业区龙新五街四号1-4楼,广东省汕头市龙湖区龙新工业区龙新五街四号1-4楼,www.chjchina.com,2010/1/28
广东省,汕头市,龙湖区,凯撒文化,凯撒(中国)文化股份有限公司,互联网,45919,13034,28.40%,凯撒文化(002425),广东省汕头市龙湖珠津工业区珠津一街3号凯撒工业城,广东省汕头市龙湖珠津工业区珠津一街3号凯撒工业城,www.kaiser.com.cn,2010/6/8
广东省,汕头市,龙湖区,众业达,众业达电气股份有限公司,综合供应商,548812,23762,4.30%,众业达(002441),广东省汕头市衡山路62号,广东省汕头市衡山路62号,www.zyd.cn,2010/7/6
广东省,汕头市,龙湖区,宏辉果蔬,宏辉果蔬股份有限公司,食品零售与批发,52320,5050,9.70%,宏辉果蔬(603336),广东省汕头市龙湖区玉津中路13号,广东省汕头市龙湖区玉津中路13号,www.greatsunfoods.com,2016/11/24
广东省,汕头市,龙湖区,联泰环保,广东联泰环保股份有限公司,水务,13848,5860,42.30%,联泰环保(603797),广东省汕头市中山东路黄厝围龙珠水质净化厂,广东省汕头市中山东路黄厝围龙珠水质净化厂,www.lt-hbgf.com,2017/4/13
广东省,深圳市,龙岗区,兆驰股份,深圳市兆驰股份有限公司,消费电子产品,664813,55897,8.40%,兆驰股份(002429),广东省深圳市龙岗区南湾街道下李朗社区李朗路一号兆驰创新产业园,广东省深圳市深圳市龙岗区南湾街道下李朗社区李朗路一号兆驰创新产业园,www.szmtc.com.cn,2010/6/10
广东省,深圳市,龙岗区,华控赛格,深圳华控赛格股份有限公司,电子电气组件与设备,16600,-415,-2.50%,华控赛格(000068),广东省深圳市大工业区兰竹大道以北CH3主厂房,广东省深圳市大工业区兰竹东路23号,www.ssg.com.cn,1997/6/11
广东省,深圳市,龙岗区,沃尔核材,深圳市沃尔核材股份有限公司,电子设备,175795,11805,6.70%,沃尔核材(002130),广东省深圳市坪山新区兰景北路沃尔工业园,广东省深圳市坪山新区兰景北路沃尔工业园,www.woer.com,2007/4/20
广东省,深圳市,龙岗区,深圳惠程,深圳市惠程电气股份有限公司,电子电气组件与设备,23146,-10969,-47.40%,深圳惠程(002168),广东省深圳市坪山新区大工业区兰景路以东、锦绣路以南惠程科技工业厂区,广东省深圳市龙岗区大工业区兰景路以东、锦绣路以南惠程科技工业厂区,www.hifuture.com,2007/9/19
广东省,深圳市,龙岗区,怡亚通,深圳市怡亚通供应链股份有限公司,综合供应商,4721149,57141,1.20%,怡亚通(002183),广东省深圳市宝安区新安街道兴华路南侧荣超滨海大厦A座1713,广东省深圳市龙岗区南湾街道李朗路3号怡亚通供应链整合物流中心1号楼,www.eascs.com,2007/11/13
广东省,深圳市,龙岗区,通产丽星,深圳市通产丽星股份有限公司,通用化工品,91263,5139,5.60%,通产丽星(002243),广东省深圳市龙岗区龙岗大道(坪地段)1001号,广东省深圳市龙岗区龙岗大道(坪地段)1001号,www.beautystar.cn,2008/5/28
广东省,深圳市,龙岗区,齐心集团,深圳市齐心文具股份有限公司,耐用消费品,220375,10461,4.70%,齐心集团(002301),广东省深圳市福田区福虹路世贸广场A幢17楼05-06号,深圳市坪山新区锦绣中路18号齐心科技园行政大楼,www.comix.com.cn;www.qx.com,2009/10/21
广东省,深圳市,龙岗区,尚荣医疗,深圳市尚荣医疗股份有限公司,医疗设备,151353,19303,12.80%,尚荣医疗(002551),广东省深圳市龙岗区宝龙工业城宝龙5路2号尚荣科技工业园,广东省深圳市龙岗区宝龙工业城宝龙5路2号尚荣科技工业园,www.glory-medical.com.cn,2011/2/25
广东省,深圳市,龙岗区,雷柏科技,深圳雷柏科技股份有限公司,硬件与设备,37441,774,2.10%,雷柏科技(002577),广东省深圳市坪山新区坑梓街道大工业区锦绣东路22号,广东省深圳市坪山新区坑梓街道大工业区锦绣东路22号,www.rapoo.com,2011/4/28
广东省,深圳市,龙岗区,比亚迪,比亚迪股份有限公司,电子电气组件与设备,7393290,410507,5.60%,比亚迪(002594),广东省深圳市大鹏新区葵涌街道延安路一号,广东省深圳市坪山新区比亚迪路3009号,www.byd.com.cn,2011/6/30
广东省,深圳市,龙岗区,雄韬股份,深圳市雄韬电源科技股份有限公司,电子电气组件与设备,197616,6734,3.40%,雄韬股份(002733),广东省深圳市大鹏新区大鹏街道同富工业区雄韬科技园办公楼、1#、2#、3#、8#厂房及9#厂房南栋1至5层,广东省深圳市大鹏新区大鹏街道同富工业区雄韬科技园办公楼、1#、2#、3#、8#厂房及9#厂房南栋1至5层,www.senry-batt.com,2014/12/3
广东省,深圳市,龙岗区,安奈儿,深圳市安奈儿股份有限公司,服装服饰零售,66893,6056,9.10%,安奈儿(002875),广东省深圳市龙岗区坂田街道雪岗路2018号天安云谷产业园一期3栋A座13-17楼,广东省深圳市龙岗区坂田街道雪岗路2018号天安云谷产业园一期3栋A座13-17楼,www.annil.com,2017/6/1
广东省,深圳市,龙岗区,金龙羽,金龙羽集团股份有限公司,电子电气组件与设备,164267,18482,11.30%,金龙羽(002882),广东省深圳市龙岗区吉华街道吉华路288号金龙羽工业园,广东省深圳市龙岗区布吉街道办上水径冷水坑猪肉窝金龙羽工业园,www.szjly.com,2017/7/17
广东省,深圳市,龙岗区,新宙邦,深圳新宙邦科技股份有限公司,特种化工品,127463,23415,18.40%,新宙邦(300037),广东省深圳市坪山区沙?n同富裕工业区,广东省深圳市龙岗区坪山沙?n同富裕工业区,www.capchem.com,2010/1/8
广东省,深圳市,龙岗区,昌红科技,深圳市昌红模具科技股份有限公司,工业机械,41125,2739,6.70%,昌红科技(300151),广东省深圳市坪山新区坪山锦龙大道西侧,广东省深圳市坪山新区坪山锦龙大道西侧,www.sz-changhong.com,2010/12/22
广东省,深圳市,龙岗区,佳士科技,深圳市佳士科技股份有限公司,工业机械,57691,12427,21.50%,佳士科技(300193),广东省深圳市坪山新区青兰一路3号,广东省深圳市坪山新区青兰一路3号,www.jasic.com.cn,2011/3/22
广东省,深圳市,龙岗区,长方集团,深圳市长方集团股份有限公司,电子电气组件与设备,132881,7171,5.40%,长方集团(300301),广东省深圳市坪山新区大工业区聚龙山3号路,广东省深圳市坪山新区大工业区聚龙山3号路,www.cfled.com,2012/3/21
广东省,深圳市,龙岗区,聚飞光电,深圳市聚飞光电股份有限公司,电子电气组件与设备,140372,13194,9.40%,聚飞光电(300303),广东省深圳市龙岗区平湖街道鹅公岭社区鹅岭工业区4号,深圳市龙岗区平湖街道鹅公岭社区鹅岭工业区4号C栋1-3楼、E栋,www.jfled.com.cn,2012/3/19
广东省,深圳市,龙岗区,珈伟股份,深圳珈伟光伏照明股份有限公司,耐用消费品,269287,31483,11.70%,珈伟股份(300317),广东省深圳市龙岗区坪地街道中心社区新发工业区1、2、3、4号,广东省深圳市龙岗区坪地街道中心社区新发工业区1、2、3、4号,www.jiawei.com,2012/5/11
广东省,深圳市,龙岗区,艾比森,深圳市艾比森光电股份有限公司,电子电气组件与设备,88339,4928,5.60%,艾比森(300389),广东省深圳市龙岗区坂田街道雪岗路2018号天安云谷产业园一期3栋A座18、19、20层,广东省深圳市龙岗区坂田街道雪岗路2018号天安云谷产业园一期3栋A座18-20层,www.szabsen.com，www.absen.cn,2014/8/1
广东省,深圳市,龙岗区,太辰光,深圳太辰光通信股份有限公司,电子电气组件与设备,36279,9001,24.80%,太辰光(300570),广东省深圳市福田区车公庙泰然工贸园201栋6楼,深圳市坪山区锦绣中路8号太辰光通信科技园,www.china-tscom.com,2016/12/6
广东省,深圳市,龙岗区,超频三,深圳市超频三科技股份有限公司,电子电气组件与设备,24447,3305,13.50%,超频三(300647),广东省深圳市龙岗区天安数码创业园1号厂房A单元07层A701房,广东省深圳市龙岗区天安数码创业园1号厂房A单元07层A701房,www.pccooler.cn,2017/5/3
广东省,广州市,荔湾区,珠江钢琴,广州珠江钢琴集团股份有限公司,娱乐用品,133595,15315,11.50%,珠江钢琴(002678),广东省广州市增城永宁街香山大道38号,广东省广州市荔湾区花地大道南渔尾西路,www.pearlriverpiano.com,2012/5/30
广东省,广州市,荔湾区,白云山,广州白云山医药集团股份有限公司,制药,1596693,175034,11.00%,白云山(600332),广东省广州市荔湾区沙面北街45号,广东省广州市荔湾区沙面北街45号,www.gybys.com.cn,2001/2/6
广东省,广州市,荔湾区,中船防务,中船海洋与防务装备股份有限公司,商用运载工具与车辆,1549003,-20689,-1.30%,中船防务(600685),广东省广州市荔湾区芳村大道南40号,广东省广州市荔湾区芳村大道南40号,www.chinagsi.com,1993/10/28
广东省,广州市,荔湾区,广州酒家,广州酒家集团股份有限公司,食品与饮料,169022,26167,15.50%,广州酒家(603043),广东省广州市荔湾区中山七路50号西门口广场写字楼第12层（自编层第13层）全层单元,广东省广州市荔湾区中山七路50号西门口广场写字楼第12层（自编层第13层）全层单元,www.gzr.com.cn,2017/6/27
广东省,广州市,荔湾区,大参林,大参林医药集团股份有限公司,药品零售,529940,48830,9.20%,大参林(603233),广东省广州市荔湾区龙溪大道410号、410-1号,广东省广州市荔湾区龙溪大道410号、410-1号,www.dslyy.com,2017/7/31
广东省,广州市,荔湾区,鸿达兴业,鸿达兴业股份有限公司,通用化工品,482137,106805,22.20%,鸿达兴业(002002),江苏省扬州市广陵区杭集镇曙光路,广东省广州市广州圆路1号广州圆大厦28层,www.002002.cn,2004/6/25
广东省,江门市,开平市,华铁股份,广东华铁通达高铁装备股份有限公司,运输服务,103380,20965,20.30%,华铁股份(000976),广东省开平市三埠区港口路10号19幢,广东省开平市长沙港口路10号,www.my0976.com,2000/6/1
广东省,珠海市,金湾区,丽珠集团,珠海经济特区丽珠医药(集团)股份有限公司,制药,652174,515959,79.10%,丽珠集团(000513),广东省珠海市金湾区创业北路38号总部大楼,广东省珠海市金湾区创业北路38号总部大楼,www.livzon.com.cn,1993/10/28
广东省,珠海市,金湾区,恒基达鑫,珠海恒基达鑫国际化工仓储股份有限公司,商业辅助服务,16251,4983,30.70%,恒基达鑫(002492),广东省珠海市高栏港经济区南迳湾,广东省珠海市高栏港经济区南迳湾,www.winbase-tank.com,2010/11/2
广东省,汕头市,金平区,太安堂,广东太安堂药业股份有限公司,制药,221461,23394,10.60%,太安堂(002433),广东省汕头市金园工业区11R2-2片区第1、2座,广东省汕头市金园工业区11R2-2片区第1、2座,www.taiantang.net,2010/6/18
广东省,汕头市,金平区,西陇科学,西陇科学股份有限公司,通用化工品,238892,6816,2.90%,西陇科学(002584),广东省汕头市潮汕路西陇中街1-3号,广东省汕头市潮汕路西陇中街1-3号,www.xlhg.com.cn,2011/6/2
广东省,汕头市,金平区,光华科技,广东光华科技股份有限公司,特种化工品,91579,7981,8.70%,光华科技(002741),广东省汕头市大学路295号,广东省汕头市大学路295号,www.jinhuada.com,2015/2/16
广东省,汕头市,金平区,天际股份,广东天际电器股份有限公司,电子电气组件与设备,64369,17981,27.90%,天际股份(002759),广东省汕头市潮汕路金园工业城12-12片区,广东省汕头市潮汕路金园工业城12－12片区,www.tonze.com,2015/5/28
广东省,汕头市,金平区,金发拉比,金发拉比妇婴童用品股份有限公司,服装与服饰,28409,7491,26.40%,金发拉比(002762),广东省汕头市金平区?D浦?D济南路107号,广东省汕头市金平区?D浦?D济南路107号,www.stjinfa.com,2015/6/10
广东省,汕头市,金平区,金刚玻璃,广东金刚玻璃科技股份有限公司,建材与构件,33585,1682,5.00%,金刚玻璃(300093),广东省汕头市大学路叠金工业区,广东省汕头市大学路叠金工业区,www.golden-glass.cn,2010/7/8
广东省,汕头市,金平区,美联新材,广东美联新材料股份有限公司,通用化工品,31057,4556,14.70%,美联新材(300586),广东省汕头市美联路1号,广东省汕头市美联路1号,www.malion.cn,2017/1/4
广东省,汕头市,金平区,东风股份,汕头东风印刷股份有限公司,商业辅助服务,212365,59954,28.20%,东风股份(601515),广东省汕头市潮汕路金园工业城北郊工业区（二围工业区）、4A2-2片区、2M4片区、13-02片区A-F座,广东省汕头市潮汕路金园工业城,www.dfp.com.cn,2012/2/16
广东省,汕头市,金平区,邦宝益智,广东邦宝益智玩具股份有限公司,玩具,23381,5044,21.60%,邦宝益智(603398),广东省汕头市潮汕路金园工业城13-09片区,广东省汕头市潮汕路金园工业城13-09片区,www.banbao.com,2015/12/9
广东省,揭阳市,揭东区,巨轮智能,巨轮智能装备股份有限公司,工业机械,81436,9193,11.30%,巨轮智能(002031),广东省揭东经济开发区5号路中段,广东省揭东经济开发区5号路中段,www.greatoo.com,2004/8/16
广东省,揭阳市,揭东区,广东榕泰,广东榕泰实业股份有限公司,特种化工品,103905,10961,10.50%,广东榕泰(600589),广东省揭阳市区新兴东二路1号,广东省揭阳市揭东区经济试验区西侧,www.gdrongtai.cn,2001/6/12
广东省,梅州市,蕉岭县,塔牌集团,广东塔牌集团股份有限公司,建材与构件,304192,67728,22.30%,塔牌集团(002233),广东省梅州市蕉岭县蕉城镇（塔牌大厦）,广东省梅州市蕉岭县蕉城镇（塔牌大厦）,www.tapai.com,2008/5/16
广东省,江门市,江海区,科恒股份,江门市科恒实业股份有限公司,电子电气组件与设备,131983,14608,11.10%,科恒股份(300340),广东省江门市江海区?蛲??蛐四下?22号,广东省江门市江海区?蛲??蛐四下?22号,www.keheng.com.cn,2012/7/26
广东省,江门市,江海区,地尔汉宇,江门市地尔汉宇电器股份有限公司,电子电气组件与设备,57249,15440,27.00%,地尔汉宇(300403),广东省江门市高新技术开发区清澜路336号,广东省江门市高新技术开发区清澜路336号,www.idearhanyu.com,2014/10/30
广东省,惠州市,惠阳区,胜宏科技,胜宏科技(惠州)股份有限公司,电子电气组件与设备,173163,22029,12.70%,胜宏科技(300476),广东省惠州市惠阳区淡水镇新桥村行诚科技园,广东省惠州市惠阳区淡水镇新桥村行诚科技园,www.shpcb.com,2015/6/11
广东省,惠州市,惠阳区,中潜股份,中潜股份有限公司,工业机械,28105,3333,11.90%,中潜股份(300526),广东省惠州市惠阳区新圩镇长布村,广东省惠州市惠阳区新圩镇长布村,www.sumnet.com.cn,2016/8/2
广东省,惠州市,惠城区,TCL集团,TCL集团股份有限公司,消费电子产品,8221473,376145,4.60%,TCL集团(000100),广东省惠州市仲恺高新技术开发区十九号小区,广东省惠州市仲恺高新区惠风三路17号TCL科技大厦,www.tcl.com,2004/1/30
广东省,惠州市,惠城区,中京电子,惠州中京电子科技股份有限公司,电子电气组件与设备,77212,1132,1.50%,中京电子(002579),广东省惠州市仲恺高新区陈江街道中京路1号,广东省惠州市仲恺高新区陈江街道中京路1号,www.ceepcb.com,2011/5/6
广东省,惠州市,惠城区,华阳集团,惠州市华阳集团股份有限公司,电子电气组件与设备,308911,21410,6.90%,华阳集团(002906),广东省惠州市东江高新科技产业园上霞北路1号华阳工业园A区集团办公大楼,广东省惠州市东江高新科技产业园上霞北路1号华阳工业园A区集团办公大楼,www.foryougroup.com,2017/10/13
广东省,惠州市,惠城区,亿纬锂能,惠州亿纬锂能股份有限公司,电子电气组件与设备,198696,41518,20.90%,亿纬锂能(300014),广东省惠州市仲恺高新区惠风七路36号,广东省惠州市仲恺高新区惠风七路36号,www.evebattery.com,2009/10/30
广东省,惠州市,惠城区,硕贝德,惠州硕贝德无线科技股份有限公司,通讯设备,147150,895,0.60%,硕贝德(300322),广东省惠州市东江高新区上霞片区SX-01-02号,广东省惠州市东江高新区上霞片区SX-01-02号,www.speed-hz.com,2012/6/8
广东省,惠州市,惠城区,广东骏亚,广东骏亚电子科技股份有限公司,电子设备,70436,5145,7.30%,广东骏亚(603386),广东省惠州市惠城区（三栋）数码工业园25号区,广东省惠州市惠城区（三栋）数码工业园25号区,www.championasia.hk,2017/9/12
广东省,广州市,黄埔区,弘亚数控,广州弘亚数控机械股份有限公司,工业机械,62615,21301,34.00%,弘亚数控(002833),广东省广州市黄埔区云埔工业区云开路3号,广东省广州市黄埔区云埔工业区云开路3号及广东省广州市黄埔区云骏路17号自编一栋、自编第二栋、自编3栋,www.kdtmac.com,2016/12/28
广东省,广州市,黄埔区,智光电气,广州智光电气股份有限公司,电子电气组件与设备,102087,10672,10.50%,智光电气(002169),广东省广州市黄埔区云埔工业区埔南路51号,广东省广州市黄埔区瑞和路89号,www.gzzg.com.cn,2007/9/19
广东省,广州市,黄埔区,毅昌股份,广州毅昌科技股份有限公司,汽车零配件（IV）,372817,-24457,-6.60%,毅昌股份(002420),广东省广州市高新技术产业开发区科学城科丰路29号,广东省广州市高新技术产业集团有限公司科丰路29号,www.echom.com,2010/6/1
广东省,广州市,黄埔区,海格通信,广州海格通信集团股份有限公司,通讯设备,225702,21613,9.60%,海格通信(002465),广东省广州市高新技术产业开发区科学城海云路88号,广东省广州市高新技术产业开发区科学城海云路88号,www.haige.com,2010/8/31
广东省,广州市,黄埔区,摩登大道,摩登大道时尚集团股份有限公司,服装服饰零售,65509,11121,17.00%,摩登大道(002656),广东省广州市天河区黄埔大道西638号富力科讯大厦1310房,广东省广州市黄埔区科学城光谱中路23号,www.canudilo.com,2012/2/28
广东省,广州市,黄埔区,天赐材料,广州天赐高新材料股份有限公司,通用化工品,153353,32092,20.90%,天赐材料(002709),广东省广州市黄埔区云埔工业区东诚片康达路8号,广东省广州市黄埔区云埔工业区东诚片康达路8号,www.tinci.com,2014/1/23
广东省,广州市,黄埔区,视源股份,广州视源电子科技股份有限公司,电子电气组件与设备,746286,66822,9.00%,视源股份(002841),广东省广州市黄埔区云埔四路6号,广东省广州市黄埔区云埔四路6号,www.cvte.com,2017/1/19
广东省,广州市,黄埔区,集泰股份,广州集泰化工股份有限公司,特种化工品,54528,4278,7.80%,集泰股份(002909),广东省广州市高新技术产业开发区南翔一路62号自编六栋二楼、五楼,广东省广州市高新技术产业开发区南翔一路62号自编六栋二楼、五楼,www.jointas.com,2017/10/26
广东省,广州市,黄埔区,冠昊生物,广东冠昊生物科技股份有限公司,医疗设备,31424,5208,16.60%,冠昊生物(300238),广东省广州市黄埔区玉岩路12号,广东省广州市黄埔区玉岩路12号,www.grandhopebio.com,2011/7/6
广东省,广州市,黄埔区,高澜股份,广州高澜节能技术股份有限公司,电子电气组件与设备,41203,2062,5.00%,高澜股份(300499),广东省广州市高新技术产业开发区科学城南云五路3号,广东省广州市高新技术产业开发区科学城南云五路3号,www.goaland.com.cn,2016/2/2
广东省,广州市,黄埔区,金发科技,金发科技股份有限公司,特种化工品,1658623,55231,3.30%,金发科技(600143),广东省广州市高新技术产业开发区科学城科丰路33号,广东省广州市高新技术产业开发区科学城科丰路33号,www.kingfa.com.cn,2004/6/23
广东省,广州市,环市,珠江实业,广州珠江实业开发股份有限公司,不动产投资开发,312874,61625,19.70%,珠江实业(600684),广东省广州市环市东路362-366号好世界广场30楼,广东省广州市环市东路362-366号好世界广场30楼,www.gzzjsy.com,1993/10/28
广东省,肇庆市,怀集县,登云股份,怀集登云汽配股份有限公司,汽车,25159,929,3.70%,登云股份(002715),广东省怀集县怀城镇登云亭,广东省怀集县怀城镇登云亭,www.huaijivalve.com,2014/2/19
广东省,广州市,花都区,国光电器,国光电器股份有限公司,电子电气组件与设备,253507,11056,4.40%,国光电器(002045),广东省广州市花都区新雅街镜湖大道8号,广东省广州市花都区新华街镜湖大道8号,www.ggec.com.cn,2005/5/23
广东省,广州市,花都区,鸿利智汇,鸿利智汇集团股份有限公司,电子电气组件与设备,257978,23142,9.00%,鸿利智汇(300219),广东省广州市花都区花东镇先科一路1号,广东省广州市花都区机场高新科技产业基地金谷南路与先科一路交汇,www.honglitronic.com,2011/5/18
广东省,江门市,鹤山市,世运电路,广东世运电路科技股份有限公司,电子设备,147690,17957,12.20%,世运电路(603920),广东省鹤山市共和镇世运路8号,广东省鹤山市共和镇世运路8号,www.olympicpcb.com,2017/4/26
广东省,江门市,鹤山市,广弘控股,广东广弘控股股份有限公司,食品生产（IV）,147109,13006,8.80%,广弘控股(000529),广东省广州市天河区广州大道北520号,广东省鹤山市人民西路40号,www.ghkg000529.com,1993/11/18
广东省,汕头市,濠江区,英联股份,广东英联包装股份有限公司,耐用消费品,30412,4028,13.20%,英联股份(002846),广东省汕头市濠江区达南路中段,广东省汕头市濠江区达南路中段,www.enpackcorp.com,2017/2/7
广东省,汕头市,濠江区,万顺股份,汕头万顺包装材料股份有限公司,有色金属,223286,8541,3.80%,万顺股份(300057),广东省汕头保税区万顺工业园,广东省汕头保税区万顺工业园,www.wanshun.cn,2010/2/26
广东省,汕头市,濠江区,金明精机,广东金明精机股份有限公司,工业机械,28597,3904,13.70%,金明精机(300281),广东省汕头市濠江区纺织工业园,广东省汕头市濠江区纺织工业园,www.jmjj.com,2011/12/29
广东省,广州市,海珠区,东凌国际,广州东凌国际投资股份有限公司,食品生产（IV）,110735,-3775,-3.40%,东凌国际(000893),广东省广州市南沙区万顷沙镇红安路3号,广东省广州市海珠区新港东路1166号环汇商业广场南塔19层,www.dongling.cn,1998/12/24
广东省,广州市,海珠区,省广股份,广东省广告股份有限公司,媒介代理,701496,24116,3.40%,省广股份(002400),广东省广州市越秀区东风东路745号之二,广东省广州市海珠区新港东路996号保利世界贸易中心G座,www.gdadc.com,2010/5/6
广东省,广州市,海珠区,珠江啤酒,广州珠江啤酒股份有限公司,酿酒业,309339,18785,6.10%,珠江啤酒(002461),广东省广州市海珠区新港东路磨碟沙大街118号,广东省广州市海珠区新港东路磨碟沙大街118号,www.zhujiangbeer.com,2010/8/18
广东省,广州市,海珠区,杰赛科技,广州杰赛科技股份有限公司,通讯设备,214818,3156,1.50%,杰赛科技(002544),广东省广州市新港中路381号,广东省广州市新港中路381号杰赛科技大楼,www.chinagci.com,2011/1/28
广东省,广州市,海珠区,万里马,广东万里马实业股份有限公司,鞋类,40172,3062,7.60%,万里马(300591),东莞市长安镇建安路367号,广州市海珠区新港东路1028号保利世界贸易中心F座2、3层,www.wanlima.com.cn,2017/1/10
广东省,广州市,海珠区,保利地产,保利房地产(集团)股份有限公司,不动产投资开发,7554048,1395846,18.50%,保利地产(600048),广东省广州市海珠区阅江中路688号保利国际广场北塔30-33层,广东省广州市海珠区阅江中路688号保利国际广场北塔30-33层,www.polycn.com;www.gzpoly.com,2006/7/31
广东省,广州市,海珠区,金域医学,广州金域医学检验集团股份有限公司,医疗保健服务,279998,19151,6.80%,金域医学(603882),广东省广州市国际生物岛螺旋三路10号,广东省广州市国际生物岛螺旋三路10号,www.kingmed.com.cn,2017/9/8
广东省,深圳市,光明新区,海洋王,海洋王照明科技股份有限公司,耐用消费品,66061,7021,10.60%,海洋王(002724),广东省深圳市光明新区光明街道高新路1601号海洋王科技楼B栋1层,广东省深圳市光明新区高新路1601号海洋王科技楼,www.haiyangwang.com,2014/11/4
广东省,肇庆市,高要市,天龙集团,广东天龙油墨集团股份有限公司,商业辅助服务,480006,13594,2.80%,天龙集团(300063),广东省肇庆市金渡工业园内,广东省肇庆市金渡工业园内,www.tlym.cn,2010/3/26
广东省,肇庆市,高要区,广东鸿图,广东鸿图科技股份有限公司,工业机械,351621,29871,8.50%,广东鸿图(002101),广东省肇庆市高要区金渡世纪大道168号,广东省肇庆市高要区金渡世纪大道168号,www.ght-china.com,2006/12/29
广东省,肇庆市,高要区,华锋股份,肇庆华锋电子铝箔股份有限公司,电子电气组件与设备,31135,1568,5.00%,华锋股份(002806),广东省肇庆市端州区端州工业城,广东省肇庆市高要区金渡镇工业园二期B17地块,www.c-hfcc.com,2016/7/26
广东省,珠海市,高新区,东信和平,东信和平智能卡股份有限公司,电子设备,84589,2877,3.40%,东信和平(002017),广东省珠海市高新区南屏科技工业园屏工中路8号,广东省珠海市高新区南屏科技工业园屏工中路8号,www.eastcompeace.com,2004/7/13
广东省,珠海市,高新区,宝莱特,广东宝莱特医用科技股份有限公司,医疗设备,51757,7351,14.20%,宝莱特(300246),广东省珠海市高新区科技创新海岸创新一路2号,广东省珠海市高新区科技创新海岸创新一路2号,www.blt.com.cn,2011/7/19
广东省,珠海市,高新区,全志科技,珠海全志科技股份有限公司,电子电气组件与设备,76352,340,0.40%,全志科技(300458),广东省珠海市高新区唐家湾镇科技二路9号,广东省珠海市高新区唐家湾镇科技二路9号,www.allwinnertech.com,2015/5/15
广东省,珠海市,高新区,健帆生物,珠海健帆生物科技股份有限公司,医疗设备,49179,23179,47.10%,健帆生物(300529),广东省珠海市高新区科技六路98号,广东省珠海市高新区科技六路98号,www.jafron.com,2016/8/2
广东省,珠海市,高新区,英搏尔,珠海英搏尔电气股份有限公司,电子电气组件与设备,33487,6092,18.20%,英搏尔(300681),广东省珠海市高新区唐家湾镇科技六路7号,广东省珠海市高新区科技六路7号,www.in-powercar.com,2017/7/25
广东省,深圳市,高新区,天源迪科,深圳天源迪科信息技术股份有限公司,软件,160121,4560,2.80%,天源迪科(300047),广东省深圳市南山区粤海街道高新区南区市高新技术工业村T3栋B3楼,广东省深圳市高新区南区市高新技术工业村T3栋B3楼,www.tydic.com,2010/1/20
广东省,江门市,高新区,量子高科,江门量子高科生物股份有限公司,食品生产（IV）,19466,5783,29.70%,量子高科(300149),广东省江门市高新区高新西路133号,广东省江门市高新区高新西路133号,www.qht.cc,2010/12/22
广东省,深圳市,福田区,三元达,福建三元达通讯股份有限公司,通讯设备,9963,-4676,-46.90%,三元达(002417),江苏省南通市港闸区江海佳苑19幢18层,广东省深圳市福田区益田路1006号益田创新科技园19栋7楼、江苏省南通市港闸区江海大道817号江海财富大厦A1801,www.sunnada.com,2010/6/1
广东省,深圳市,福田区,全新好,深圳市全新好股份有限公司,不动产投资开发,3406,-542,-15.90%,全新好(000007),广东省深圳市福田区梅林街道梅康路8号理想时代大厦6楼,广东省深圳市福田区梅林街道梅康路8号理想时代大厦6楼,--,1992/4/13
广东省,深圳市,福田区,美丽生态,深圳美丽生态股份有限公司,建筑施工,64000,2877,4.50%,美丽生态(000010),广东省深圳市宝安区西乡街道宝安桃花源科技创新园主园A栋孵化大楼321-322室,广东省深圳市福田区中心四路1-1号嘉里建设广场第三座3201室,--,1995/10/27
广东省,深圳市,福田区,深科技,深圳长城开发科技股份有限公司,计算机硬件,1072555,59058,5.50%,深科技(000021),广东省深圳市福田区彩田路7006号,广东省深圳市福田区彩田路7006号,www.kaifa.com.cn,1994/2/2
广东省,深圳市,福田区,深圳能源,深圳能源集团股份有限公司,电力（IV）,1044575,115163,11.00%,深圳能源(000027),广东省深圳市福田区深南中路2068号华能大厦5，33，35-36，38-41层,广东省深圳市福田区深南中路2068号华能大厦5，33，35-36，38-41层,www.sec.com.cn,1993/9/3
广东省,深圳市,福田区,国药一致,国药集团一致药业股份有限公司,药品零售,3127872,109402,3.50%,国药一致(000028),广东省深圳市福田区八卦四路15号一致药业大楼,广东省深圳市福田区八卦四路15号一致药业大楼,www.szaccord.com.cn,1993/8/9
广东省,深圳市,福田区,中粮地产,中粮地产（集团）股份有限公司,不动产投资开发,849918,160560,18.90%,中粮地产(000031),广东省深圳市宝安区新安街道3区龙井二路3号中粮地产集团中心第1层101室,广东省深圳市福田区福华一路1号大中华国际交易广场35层,www.cofco-property.cn,1993/10/8
广东省,深圳市,福田区,中航地产,中航地产股份有限公司,不动产投资开发,374427,3647,1.00%,中航地产(000043),广东省深圳市福田区振华路163号飞亚达大厦六楼,广东省深圳市福田区振华路163号飞亚达大厦六楼,www.carec.com.cn,1994/9/28
广东省,深圳市,福田区,深纺织A,深圳市纺织(集团)股份有限公司,服装与服饰,107034,5113,4.80%,深纺织A(000045),广东省深圳市福田区华强北路3号深纺大厦6楼,广东省深圳市福田区华强北路3号深纺大厦6楼,www.chinasthc.com,1994/8/15
广东省,深圳市,福田区,康达尔,深圳市康达尔(集团)股份有限公司,农业与渔业,112876,-4862,-4.30%,康达尔(000048),广东省深圳市罗湖区深南东路1086号集浩大厦二、三楼,广东省深圳市福田区深南大道和泰然大道交汇处绿景纪元大厦24楼,www.kondarl.com,1994/11/1
广东省,深圳市,福田区,皇庭国际,深圳市皇庭国际企业股份有限公司,不动产投资开发,56010,18198,32.50%,皇庭国际(000056),广东省深圳市福田区金田路2028号皇岗商务中心58楼03单元,广东省深圳市福田区金田路2028号皇岗商务中心58楼,www.china-ia.com,1996/7/8
广东省,深圳市,福田区,深赛格,深圳赛格股份有限公司,电子电气组件与设备,85712,13050,15.20%,深赛格(000058),广东省深圳市福田区华强北路群星广场A座三十一楼,广东省深圳市福田区华强北路群星广场A座三十一楼,www.segcl.com.cn,1996/12/26
广东省,深圳市,福田区,中金岭南,深圳市中金岭南有色金属股份有限公司,有色金属,1479158,112867,7.60%,中金岭南(000060),广东省深圳市福田区车公庙深南大道6013号中国有色大厦24-26楼,广东省深圳市福田区车公庙深南大道6013号中国有色大厦24楼,www.nonfemet.com,1997/1/23
广东省,深圳市,福田区,农产品,深圳市农产品股份有限公司,食品零售与批发,170286,9335,5.50%,农产品(000061),广东省深圳市罗湖区布吉路1019号农产品批发市场第一层,广东省深圳市福田区深南大道7028号时代科技大厦13楼,www.szap.com,1997/1/10
广东省,深圳市,福田区,深圳华强,深圳华强实业股份有限公司,消费电子产品,549438,47588,8.70%,深圳华强(000062),广东省深圳市福田区华强北路华强广场A座5楼,广东省深圳市福田区华强北路华强广场A座5楼,www.szhq000062.com,1997/1/30
广东省,深圳市,福田区,天健集团,深圳市天健(集团)股份有限公司,建筑施工,454475,72965,16.10%,天健集团(000090),广东省深圳市福田区滨河大道5020号证券大厦21楼,广东省深圳市福田区滨河大道5020号证券大厦21楼,www.tagen.cn,1999/7/21
广东省,深圳市,福田区,麦达数字,深圳市麦达数字股份有限公司,互联网,62670,8166,13.00%,麦达数字(002137),广东省深圳市龙岗区宝龙工业城宝龙六路实益达科技园,广东省深圳市福田区彩田路新浩e都A座2801,www.sz-seastar.com,2007/6/13
广东省,深圳市,福田区,贤丰控股,贤丰控股股份有限公司,电子电气组件与设备,84169,140,0.20%,贤丰控股(002141),广东省珠海市金湾区三灶镇三灶科技工业园,广东省深圳市福田区益田路6001号太平金融大厦32楼,www.ronsen.com.cn,2007/7/20
广东省,深圳市,福田区,飞马国际,深圳市飞马国际供应链股份有限公司,运输服务,4965321,22643,0.50%,飞马国际(002210),广东省深圳市福田区深南大道7008号阳光高尔夫大厦26楼2601室,广东省深圳市福田区深南大道7008号阳光高尔夫大厦2601室,www.fmscm.com,2008/1/30
广东省,深圳市,福田区,天威视讯,深圳市天威视讯股份有限公司,广播与娱乐,116690,18447,15.80%,天威视讯(002238),广东省深圳市福田区彩田路6001号,广东省深圳市福田区彩田路6001号,www.topway.com.cn,2008/5/26
广东省,深圳市,福田区,威华股份,广东威华股份有限公司,建材与构件,147495,1652,1.10%,威华股份(002240),广东省深圳市福田区华富街道华富路1018号中航中心31楼3101-3102,广东省深圳市福田区华富街道华富路1018号中航中心31楼3101-3102,www.weihuaonline.com,2008/5/23
广东省,深圳市,福田区,信立泰,深圳信立泰药业股份有限公司,制药,310207,127419,41.10%,信立泰(002294),广东省深圳市福田区深南大道6009号车公庙绿景广场主楼37层,广东省深圳市福田区深南大道6009号车公庙绿景广场主楼37层,www.salubris.cn,2009/9/10
广东省,深圳市,福田区,赫美集团,深圳赫美集团股份有限公司,服装服饰零售,188804,19342,10.20%,赫美集团(002356),广东省深圳市坪山新区金牛西路16号华瀚科技工业2号厂房218A,广东省深圳市福田区深南大道6011号NEO大厦A栋34楼,www.hemei.cn,2010/2/9
广东省,深圳市,福田区,新亚制程,深圳市新亚电子制程股份有限公司,电子设备,61533,3660,5.90%,新亚制程(002388),广东省深圳市福田区中康路卓越梅林中心广场（北区）1栋306A,广东省深圳市福田区中康路卓越梅林中心广场（北区）1栋306A,www.sunyes.cn,2010/4/13
广东省,深圳市,福田区,捷顺科技,深圳市捷顺科技实业股份有限公司,计算机服务,52678,14148,26.90%,捷顺科技(002609),深圳市福田区梅林街道龙尾路10号捷顺科技,深圳市福田区龙尾路10号捷顺科技,www.jieshun.cn,2011/8/15
广东省,深圳市,福田区,万润科技,深圳万润科技股份有限公司,电子电气组件与设备,206187,14859,7.20%,万润科技(002654),广东省深圳市光明新区观光路3009号招商局光明科技园A3栋05B3室,广东省深圳市福田区福华路北深圳国际交易广场1812-1816号,www.mason-led.com,2012/2/17
广东省,深圳市,福田区,国盛金控,国盛金融控股集团股份有限公司,投资服务,63503,47801,75.30%,国盛金控(002670),广东省佛山市顺德区容桂华口昌宝东路13号,广东省深圳市福田区益田路5033号平安金融中心101层,www.wasung.com,2012/4/16
广东省,深圳市,福田区,易尚展示,深圳市易尚展示股份有限公司,家具,48278,2036,4.20%,易尚展示(002751),广东省深圳市福田区福强路4001号（深圳文化创意园）AB座三层B301,广东省深圳市福田区福强路4001号深圳文化创意园AB座三层B301,www.es-display.com,2015/4/24
广东省,深圳市,福田区,汇洁股份,深圳汇洁集团股份有限公司,服装与服饰,153871,31898,20.70%,汇洁股份(002763),广东省深圳市福田区深南大道1006号深圳国际创新中心A栋31-33层,广东省深圳市福田区深南大道1006号深圳国际创新中心A栋31-33层,www.huijiegroup.com,2015/6/10
广东省,深圳市,福田区,普路通,深圳市普路通供应链管理股份有限公司,综合供应商,399401,17418,4.40%,普路通(002769),广东省深圳市福田区深南大道1006号深圳国际创新中心A栋21楼,广东省深圳市福田区深南大道1006号深圳国际创新中心A栋21楼,www.prolto.com,2015/6/29
广东省,深圳市,福田区,文科园林,深圳文科园林股份有限公司,林业,193040,20635,10.70%,文科园林(002775),广东省深圳市福田区深南大道1006号深圳国际创新中心（福田科技广场）A栋35、36层,广东省深圳市福田区滨河路以南沙嘴路以东中央西谷大厦21层,www.wkyy.com,2015/6/29
广东省,深圳市,福田区,奇信股份,深圳市奇信建设集团股份有限公司,建筑施工,264488,15692,5.90%,奇信股份(002781),广东省深圳市福田区江南名苑一、二层,广东省深圳市福田区江南名苑一、二层,www.qxzs.com,2015/12/22
广东省,深圳市,福田区,建艺集团,深圳市建艺装饰集团股份有限公司,建筑施工,196289,8533,4.30%,建艺集团(002789),广东省深圳市福田区振兴路建艺大厦19层东,广东省深圳市福田区振兴路建艺大厦19层东,www.jyzs.com.cn,2016/3/11
广东省,深圳市,福田区,第一创业,第一创业证券股份有限公司,投资服务,136580,37802,27.70%,第一创业(002797),广东省深圳市福田区福华一路115号投行大厦20楼,广东省深圳市福田区福华一路115号投行大厦20楼,www.firstcapital.com.cn,2016/5/11
广东省,深圳市,福田区,亚泰国际,深圳市亚泰国际建设股份有限公司,建筑施工,132571,7875,5.90%,亚泰国际(002811),广东省深圳市福田区中心区益田路与福华路交汇处卓越时代广场4B01、4B02,广东省深圳市福田区中心区益田路与福华路交汇处卓越时代广场4B01、4B02,www.atgcn.com,2016/9/8
广东省,深圳市,福田区,美芝股份,深圳市美芝装饰设计工程股份有限公司,建筑施工,61771,4541,7.40%,美芝股份(002856),广东省深圳市福田区八卦四路科研楼7栋1-6层,广东省深圳市福田区八卦四路科研楼7栋1-6层,www.szmeizhi.com,2017/3/20
广东省,深圳市,福田区,东方嘉盛,深圳市东方嘉盛供应链股份有限公司,百货零售,633360,11312,1.80%,东方嘉盛(002889),广东省深圳市前海深港合作区前湾一路1号A栋201室,广东省深圳市福田保税区市花路10号东方嘉盛大厦6楼,www.easttop.com.cn,2017/7/31
广东省,深圳市,福田区,国药一致,国药集团一致药业股份有限公司,药品零售,3127872,109402,3.50%,一致B(200028),广东省深圳市福田区八卦四路15号一致药业大楼,广东省深圳市福田区八卦四路15号一致药业大楼,www.szaccord.com.cn,1993/8/9
广东省,深圳市,福田区,深纺织A,深圳市纺织(集团)股份有限公司,服装与服饰,107034,5113,4.80%,深纺织B(200045),广东省深圳市福田区华强北路3号深纺大厦6楼,广东省深圳市福田区华强北路3号深纺大厦6楼,www.chinasthc.com,1994/8/15
广东省,深圳市,福田区,皇庭国际,深圳市皇庭国际企业股份有限公司,不动产投资开发,56010,18198,32.50%,皇庭B(200056),广东省深圳市福田区金田路2028号皇岗商务中心58楼03单元,广东省深圳市福田区金田路2028号皇岗商务中心58楼,www.china-ia.com,1996/7/8
广东省,深圳市,福田区,深赛格,深圳赛格股份有限公司,电子电气组件与设备,85712,13050,15.20%,深赛格B(200058),广东省深圳市福田区华强北路群星广场A座三十一楼,广东省深圳市福田区华强北路群星广场A座三十一楼,www.segcl.com.cn,1996/12/26
广东省,深圳市,福田区,银之杰,深圳市银之杰科技股份有限公司,软件,79340,4672,5.90%,银之杰(300085),广东省深圳市福田区车公庙天安数码城天祥大厦AB座5B2,广东省深圳市福田区天安数码城天祥大厦AB座10A、5B2,www.yinzhijie.com,2010/5/26
广东省,深圳市,福田区,新国都,深圳市新国都技术股份有限公司,工业机械,74903,4733,6.30%,新国都(300130),广东省深圳市福田区深南路车公庙工业区泰然劲松大厦17A,广东省深圳市福田区深南路车公庙工业区泰然劲松大厦17A,www.nexgo.com.cn,2010/10/19
广东省,深圳市,福田区,腾邦国际,深圳市腾邦国际商业服务股份有限公司,旅游业,279421,30154,10.80%,腾邦国际(300178),广东省深圳市福田保税区桃花路腾邦物流大厦5楼,广东省深圳市福田保税区桃花路腾邦物流大厦5楼,www.tempus.cn,2011/2/15
广东省,深圳市,福田区,铁汉生态,深圳市铁汉生态环境股份有限公司,建筑施工,471423,50016,10.60%,铁汉生态(300197),广东省深圳市龙岗区坂田街道雪岗路2018号天安云谷产业园一期3栋B座20层2002单元,广东省深圳市福田区红荔西路8133号农科商务办公楼5、6、7楼,www.sztechand.com,2011/3/29
广东省,深圳市,福田区,佳创视讯,深圳市佳创视讯技术股份有限公司,通讯设备,13624,-4064,-29.80%,佳创视讯(300264),广东省深圳市光明新区观光路招商局光明科技园A3栋C208单元,广东省深圳市福田区滨河路以南、沙嘴路以东中央西谷大厦15层01-08、16层04、05,www.avit.com.cn,2011/9/16
广东省,深圳市,福田区,兆日科技,深圳兆日科技股份有限公司,计算机服务,15939,4746,29.80%,兆日科技(300333),广东省深圳市福田区泰然八路泰然大厦C座1605,广东省深圳市福田区车公庙泰然八路泰然大厦C座1605,www.sinosun.com.cn,2012/6/28
广东省,深圳市,福田区,华鹏飞,深圳市华鹏飞现代物流股份有限公司,软件与计算机服务,73671,12159,16.50%,华鹏飞(300350),广东省深圳市福田区八卦岭八卦路众鑫科技大厦第12层（大厦自编号1306#）,广东省深圳市福田区八卦岭八卦路众鑫科技大厦第12层（大厦自编号1306#）,www.huapengfei.com,2012/8/21
广东省,深圳市,福田区,赢时胜,300377,软件,31271,10011,32.00%,赢时胜(300377),广东省深圳市福田区深南路与新洲路交汇处东南侧航天大厦A座611A,广东省深圳市福田区深南路与新洲路交汇处东南侧航天大厦A座611A,www.ysstech.com,2014/1/27
广东省,深圳市,福田区,盛讯达,深圳市盛讯达科技股份有限公司,移动通信服务,15217,5267,34.60%,盛讯达(300518),广东省深圳市福田区深南大道7888号东海国际中心一期A栋11层01B,广东省深圳市福田区深南大道7888号东海国际中心一期A栋11层01B,www.gamexun.com,2016/6/24
广东省,深圳市,福田区,丝路视觉,丝路视觉科技股份有限公司,软件与计算机服务,33859,-131,-0.40%,丝路视觉(300556),广东省深圳市福田区福强路3030号文化体育产业总部大厦17楼,广东省深圳市福田区福强路3030号文化体育产业总部大厦17楼,www.silkroadcg.com,2016/11/4
广东省,深圳市,福田区,维业股份,深圳市维业装饰集团股份有限公司,建筑施工,136565,7771,5.70%,维业股份(300621),广东省深圳市福田区新洲路以西、莲花路以南振业景洲大厦裙楼101,广东省深圳市福田区新洲路以西、莲花路以南振业景洲大厦裙楼101,www.szweiye.com,2017/3/16
广东省,深圳市,福田区,博士眼镜,博士眼镜连锁股份有限公司,一般零售业,35753,4761,13.30%,博士眼镜(300622),广东省深圳市罗湖区深南东路5016号京基一百大厦A座2201-02单元,广东省深圳市福田区金田路与福中路交界东南荣超经贸中心502,www.doctorglasses.com.cn,2017/3/15
广东省,深圳市,福田区,富满电子,深圳市富满电子集团股份有限公司,计算机服务,29915,3089,10.30%,富满电子(300671),广东省深圳市福田区香蜜湖街道农园路时代科技大厦西区18楼,广东省深圳市福田区深南西路车公庙工业区天安数码时代大厦主楼2403A-1,www.superchip.cn,2017/7/5
广东省,深圳市,福田区,建科院,深圳市建筑科学研究院股份有限公司,建筑施工,21527,-62,-0.30%,建科院(300675),广东省深圳市福田区梅林梅坳三路29号建科大楼,广东省深圳市福田区梅林梅坳三路29号建科大楼,www.szibr.com,2017/7/19
广东省,深圳市,福田区,中信证券,中信证券股份有限公司,投资服务,2849938,1102212,38.70%,中信证券(600030),广东省深圳市福田区中心三路8号卓越时代广场(二期)北座,广东省深圳市福田区中心三路8号中信证券大厦,www.cs.ecitic.com,2003/1/6
广东省,深圳市,福田区,招商银行,招商银行股份有限公司,银行业（IV）,16570300,7391900,44.60%,招商银行(600036),广东省深圳市福田区深南大道7088号,广东省深圳市福田区深南大道7088号,www.cmbchina.com,2002/4/9
广东省,深圳市,福田区,金地集团,金地（集团）股份有限公司,不动产投资开发,2067408,411193,19.90%,金地集团(600383),广东省深圳市福田区福强路金地商业大楼,广东省深圳市福田区福强路金地商业大楼,www.gemdale.com,2001/4/12
广东省,深圳市,福田区,康美药业,康美药业股份有限公司,制药,1951453,375889,19.30%,康美药业(600518),广东省普宁市揭神路康美中药城,广东省深圳市福田区下梅林泰科路,www.kangmei.com.cn,2001/3/19
广东省,深圳市,福田区,深高速,深圳高速公路股份有限公司,运输服务,337064,159215,47.20%,深高速(600548),广东省深圳市龙华新区福城街道福民收费站,广东省深圳市福田区益田路江苏大厦裙楼2-4层,www.sz-expressway.com,2001/12/25
广东省,深圳市,福田区,招商证券,招商证券股份有限公司,投资服务,952449,513228,53.90%,招商证券(600999),广东省深圳市福田区益田路江苏大厦A座38-45层,广东省深圳市福田区益田路江苏大厦A座38-45层,www.newone.com.cn,2009/11/17
广东省,深圳市,福田区,深圳燃气,深圳市燃气集团股份有限公司,燃气供应,776337,104465,13.50%,深圳燃气(601139),广东省深圳市福田区梅坳一路268号,广东省深圳市福田区中康北路深燃大厦,www.szgas.com.cn,2009/12/25
广东省,深圳市,福田区,中国平安,中国平安保险(集团)股份有限公司,人寿保险（IV）,66300600,10053200,15.20%,中国平安(601318),广东省深圳市福田中心区福华三路星河发展中心办公15、16、17、18层,广东省深圳市福田区益田路5033号平安金融中心47、48、109、110、111、112层,www.pingan.com,2007/3/1
广东省,深圳市,福田区,汇顶科技,深圳市汇顶科技股份有限公司,硬件与设备,285585,69023,24.20%,汇顶科技(603160),广东省深圳市福田区保税区腾飞工业大厦B座13层,广东省深圳市福田区保税区腾飞工业大厦B座13层,www.goodix.com,2016/10/17
广东省,深圳市,福田区,歌力思,深圳歌力思服饰股份有限公司,服装与服饰,137935,30735,22.30%,歌力思(603808),广东省深圳市福田区车公庙天安创新科技广场A栋1901-1905,广东省深圳市福田区车公庙天安创新科技广场A栋1901-1905,www.ellassay.com,2015/4/22
广东省,深圳市,福田区,ST成城,吉林成城集团股份有限公司,不动产投资开发,18595,1900,10.20%,ST成城(600247),吉林省吉林市船营区怀德街29号,广东省深圳市福田区深南大道6008号特区报业大厦10B,--,2000/11/23
广东省,深圳市,福田区,中广核技,中广核核技术发展股份有限公司,综合工业,438445,28301,6.50%,中广核技(000881),辽宁省大连市西岗区黄河路219号外经贸大厦,广东省深圳市深南大道2002号中广核大厦北楼16层,www.cdigstock.com,1998/9/2
广东省,深圳市,福田区,ST山水,山西广和山水文化传播股份有限公司,消费电子产品,1075,-1621,-150.80%,ST山水(600234),山西省太原市迎泽大街289号,广东省深圳市福田区福华三路与金田路交汇处卓越世纪中心3号楼A座1006-1007室,--,2000/6/15
广东省,深圳市,福田区,华孚时尚,华孚时尚股份有限公司,服装与服饰,887045,68183,7.70%,华孚时尚(002042),安徽省淮北市烈山区石山路6号,广东省深圳市福田区滨河大道5022号联合广场B座14楼,www.e-huafu.com;www.huafuyarn.com,2005/4/27
广东省,深圳市,福田区,顺丰控股,顺丰控股股份有限公司,运输服务,4982594,484263,9.70%,顺丰控股(002352),安徽省马鞍山市当涂工业园,广东省深圳市福田区新洲十一街万基商务大厦,www.sf-express.com,2010/2/5
广东省,潮州市,枫溪区,文化长城,广东文化长城集团股份有限公司,非耐用消费品,37102,6031,16.30%,文化长城(300089),广东省潮州市枫溪区蔡陇大道,广东省潮州市枫溪区蔡陇大道,www.thegreatwall-china.com,2010/6/25
广东省,潮州市,枫溪区,松发股份,广东松发陶瓷股份有限公司,耐用消费品,38688,4394,11.40%,松发股份(603268),广东省潮州市枫溪区如意路工业区C2-2号楼,广东省潮州市枫溪区如意路工业区C2-2号楼,www.songfa.com,2015/3/19
广东省,广州市,番禺区,海鸥卫浴,广州海鸥卫浴用品股份有限公司,耐用消费品,151444,6609,4.40%,海鸥卫浴(002084),广东省广州市番禺区沙头街禺山西路363号,广东省广州市番禺区沙头街禺山西路363号联邦工业城内,www.seagullgroup.cn,2006/11/24
广东省,广州市,番禺区,海大集团,广东海大集团股份有限公司,农业与渔业,2650234,141458,5.30%,海大集团(002311),广东省广州市番禺区南村镇万博四路42号2座701,广东省广州市番禺区南村镇万博四路42号海大大厦2座701房,www.haid.com.cn,2009/11/27
广东省,广州市,番禺区,比音勒芬,比音勒芬服饰股份有限公司,服装服饰零售,75819,17968,23.70%,比音勒芬(002832),广东省广州市番禺区南村镇兴业大道309号,广东省广州市番禺区南村镇兴业大道309号,www.biemlf.com,2016/12/23
广东省,广州市,番禺区,中海达,广州中海达卫星导航技术股份有限公司,通讯设备,64199,4619,7.20%,中海达(300177),广东省广州市番禺区东环街番禺大道北555号天安总部中心13号厂房101,广东省广州市番禺区番禺大道北555号番禺节能科技园总部中心13号楼,www.hi-target.com.cn,2011/2/15
广东省,广州市,番禺区,鹏辉能源,广州鹏辉能源科技股份有限公司,电子电气组件与设备,141976,22636,15.90%,鹏辉能源(300438),广东省广州市番禺区沙湾镇市良路(西村段)912号,广东省广州市番禺区沙湾镇市良路(西村段)912号,www.greatpower.net,2015/4/24
广东省,广州市,番禺区,浩云科技,广州市浩云安防科技股份有限公司,软件,29313,1328,4.50%,浩云科技(300448),广东省广州市番禺区东环街番禺大道北555号天安总部中心22号楼102房,广东省广州市番禺区东环街番禺大道北555号天安总部中心22号楼104房和201房,www.haoyuntech.com,2015/4/24
广东省,广州市,番禺区,三雄极光,广东三雄极光照明股份有限公司,耐用消费品,158664,20112,12.70%,三雄极光(300625),广东省广州市番禺区石壁街韦涌工业区132号,广东省广州市番禺区石壁街韦涌工业区132号,www.pak.com.cn,2017/3/17
广东省,广州市,番禺区,香江控股,深圳香江控股股份有限公司,不动产投资开发,268424,62581,23.30%,香江控股(600162),广东省深圳市福田区金田路皇岗商务中心1号楼3406A单元,广东省广州市番禺区迎宾路锦绣香江花园香江控股办公楼,www.hkhc.com.cn,1998/6/9
广东省,广州市,番禺区,维力医疗,广州维力医疗器械股份有限公司,医疗设备,44785,5942,13.30%,维力医疗(603309),广东省广州市番禺区化龙镇金湖工业城C区4号,广东省广州市番禺区化龙镇国贸大道南47号,www.welllead.com.cn,2015/3/2
广东省,广州市,番禺区,嘉诚国际,广州市嘉诚国际物流股份有限公司,工业运输,70641,9510,13.50%,嘉诚国际(603535),广东省广州市番禺区南村镇万博二路79号2202室,广东省广州市番禺区南村镇万博二路79号2202室,www.jiacheng88.com,2017/8/8
广东省,广州市,番禺区,好太太,广东好太太科技集团股份有限公司,家具,76337,15801,20.70%,好太太(603848),广东省广州市番禺区化龙镇石化公路21号之一、之二,广东省广州市番禺区化龙镇石化公路21号之一、之二,www.hotata.com,2017/12/1
广东省,江门市,恩平市,道氏技术,广东道氏技术股份有限公司,建材与构件,110976,15891,14.30%,道氏技术(300409),广东省恩平市圣堂镇三联佛仔坳,广东省恩平市圣堂镇三联佛仔坳,www.dowstone.com.cn,2014/12/3
广东省,肇庆市,端州区,风华高科,广东风华高新科技股份有限公司,电子电气组件与设备,229104,21000,9.20%,风华高科(000636),广东省肇庆市风华路18号风华电子工业城,广东省肇庆市风华路18号风华电子工业城,www.fenghua-advanced.com,1996/11/29
广东省,肇庆市,端州区,星湖科技,广东肇庆星湖生物科技股份有限公司,食品生产（IV）,48104,-3419,-7.10%,星湖科技(600866),广东省肇庆市工农北路67号,广东省肇庆市工农北路67号,www.starlake.com.cn,1994/8/18
广东省,珠海市,斗门区,世荣兆业,广东世荣兆业股份有限公司,不动产投资开发,156025,53903,34.50%,世荣兆业(002016),广东省珠海市斗门区井岸镇珠峰大道288号1区17号楼,广东省珠海市斗门区井岸镇珠峰大道288号1区17号楼,www.gdsrzy.com,2004/7/8
广东省,东莞市,东莞市市辖区,东莞控股,东莞发展控股股份有限公司,运输服务,108218,89060,82.30%,东莞控股(000828),广东省东莞市南城区科技工业园科技路39号,广东省东莞市寮步镇浮竹山佛岭水库路侧莞深高速公路管理中心,www.dgholdings.cn,1997/6/17
广东省,东莞市,东莞市市辖区,勤上股份,东莞勤上光电股份有限公司,耐用消费品,117867,13106,11.10%,勤上股份(002638),广东省东莞市常平镇横江厦村,广东省东莞市常平镇横江厦村,www.kingsun-china.com,2011/11/25
广东省,东莞市,东莞市市辖区,南兴装备,东莞市南兴家具装备制造股份有限公司,工业机械,53989,8843,16.40%,南兴装备(002757),广东省东莞市厚街镇科技工业园南兴路,广东省东莞市厚街镇双岗村家具大道侧,www.nanxing.com.cn,2015/5/27
广东省,东莞市,东莞市市辖区,坚朗五金,广东坚朗五金制品股份有限公司,耐用消费品,226163,21578,9.50%,坚朗五金(002791),广东省东莞市塘厦镇大坪坚朗路3号,广东省东莞市塘厦镇大坪坚朗路3号,www.kinlong.com,2016/3/29
广东省,东莞市,东莞市市辖区,捷荣技术,东莞捷荣技术股份有限公司,电子电气组件与设备,107841,3679,3.40%,捷荣技术(002855),广东省东莞市长安镇新安工业园,广东省东莞市长安镇新安工业园,www.chitwing.com,2017/3/21
广东省,东莞市,东莞市市辖区,铭普光磁,东莞铭普光磁股份有限公司,通讯设备,111162,6276,5.60%,铭普光磁(002902),广东省东莞市石排镇庙边王沙迳村中九路,广东省东莞市石排镇庙边王沙迳村中九路,www.mnc-tek.com,2017/9/29
广东省,东莞市,东莞市市辖区,劲胜智能,广东劲胜智能集团股份有限公司,电子设备,466709,49384,10.60%,劲胜智能(300083),广东省东莞市长安镇上角村,广东省东莞市长安镇上角村,www.januscn.com,2010/5/20
广东省,东莞市,东莞市市辖区,星普医科,广东星普医学科技股份有限公司,制药,24445,13680,56.00%,星普医科(300143),广东省东莞市塘厦镇蛟坪大道83号,广东省东莞市塘厦镇蛟坪大道83号,www.starway.com.cn,2010/12/9
广东省,东莞市,东莞市市辖区,银禧科技,广东银禧科技股份有限公司,通用化工品,176303,13988,7.90%,银禧科技(300221),广东省东莞市虎门镇居岐村,广东省东莞市道?蛘蚰细蠊ひ登?银禧工程塑料(东莞)有限公司办公大楼,www.silverage.cn,2011/5/25
广东省,东莞市,东莞市市辖区,惠伦晶体,广东惠伦晶体科技股份有限公司,电子电气组件与设备,25535,1252,4.90%,惠伦晶体(300460),广东省东莞市黄江镇东环路鸡啼岗段36号,广东省东莞市黄江镇东环路鸡啼岗段36号,www.dgylec.com,2015/5/15
广东省,东莞市,东莞市市辖区,金太阳,东莞金太阳研磨股份有限公司,建材与构件,18628,4773,25.60%,金太阳(300606),广东省东莞市大岭山镇大环路东66号,广东省东莞市大岭山镇大环路东66号,www.chinagoldensun.cn,2017/2/8
广东省,东莞市,东莞市市辖区,拓斯达,广东拓斯达科技股份有限公司,工业机械,50781,11585,22.80%,拓斯达(300607),广东省东莞市大岭山镇新塘村新塘新路90号,广东省东莞市大岭山镇新塘村新塘新路90号,www.topstarltd.com,2017/2/9
广东省,东莞市,东莞市市辖区,智动力,深圳市智动力精密技术股份有限公司,电子电气组件与设备,41284,2642,6.40%,智动力(300686),广东省深圳市坪山新区办事处田心社区金田路352号,广东省东莞市凤岗镇官井头小布二路10号,www.szcdl.com,2017/8/4
广东省,东莞市,东莞市市辖区,华立股份,东莞市华立实业股份有限公司,建筑与材料（II）,45763,8279,18.10%,华立股份(603038),广东省东莞市常平镇松柏塘村,广东省东莞市常平镇松柏塘村,www.dghuali.com,2017/1/16
广东省,东莞市,东莞市市辖区,粤宏远A,东莞宏远工业区股份有限公司,不动产投资开发,38983,6159,15.80%,粤宏远A(000573),广东省东莞市南城区宏远工业区,广东省东莞市宏远工业区宏远大厦16楼,www.winnerway.com.cn,1994/8/15
广东省,东莞市,东莞市市辖区,众生药业,广东众生药业股份有限公司,制药,140048,35872,25.60%,众生药业(002317),广东省东莞市石龙镇西湖工业区信息产业园,广东省东莞市石龙镇西湖工业区信息产业园,www.zspcl.com,2009/12/11
广东省,东莞市,东莞市市辖区,立讯精密,立讯精密工业股份有限公司,电子电气组件与设备,1389850,124646,9.00%,立讯精密(002475),广东省深圳市宝安区沙井街道蚝一西部三洋新工业区A栋2层,广东省东莞市清溪镇青皇村青皇工业区葵青路17号,www.luxshare-ict.com,2010/9/15
广东省,东莞市,东莞市市辖区,搜于特,东莞市搜于特服装股份有限公司,服装服饰零售,1257746,90176,7.20%,搜于特(002503),广东省东莞市道?蛘蛐潞璨?路1号,广东省东莞市道?蛘虿?平第二工业区第一栋,www.celucasn.com,2010/11/17
广东省,东莞市,东莞市市辖区,快意电梯,快意电梯股份有限公司,工业机械,53383,5321,10.00%,快意电梯(002774),广东省东莞市清溪镇谢坑村金龙工业区,广东省东莞市清溪镇谢坑村金龙工业区,www.ifelift.com,2017/3/24
广东省,东莞市,东莞市市辖区,明家联合,广东明家联合移动科技股份有限公司,商业辅助服务,205284,16190,7.90%,明家联合(300242),广东省东莞市横沥镇村头村工业区,广东省东莞市横沥镇村头村工业区,www.migunmobi.com,2011/7/12
广东省,东莞市,东莞市市辖区,宜安科技,东莞宜安科技股份有限公司,有色金属,56303,1083,1.90%,宜安科技(300328),广东省东莞市清溪镇银泉工业区,广东省东莞市清溪镇银泉工业区,www.e-ande.com,2012/6/19
广东省,东莞市,东莞市市辖区,易事特,易事特集团股份有限公司,电子电气组件与设备,547324,56249,10.30%,易事特(300376),广东省东莞市松山湖科技产业园区工业北路6号,广东省东莞市松山湖科技产业园区工业北路6号,www.eastups.com,2014/1/27
广东省,东莞市,东莞市市辖区,正业科技,广东正业科技股份有限公司,电子电气组件与设备,90439,16299,18.00%,正业科技(300410),广东省东莞市松山湖科技产业园区科技九路2号,广东省东莞市松山湖科技产业园区科技九路2号,www.zhengyee.com,2014/12/31
广东省,东莞市,东莞市市辖区,东阳光科,广东东阳光科技控股股份有限公司,工业机械,543165,38111,7.00%,东阳光科(600673),广东省韶关市乳源县乳城镇侯公渡,广东省东莞市长安镇上沙村第五工业区,www.hec-al.com,1993/9/17
广东省,东莞市,东莞市市辖区,国立科技,广东国立科技股份有限公司,特种化工品,51282,4393,8.60%,国立科技(300716),广东省东莞市道?蛘虼舐奚炒匆翟?5路8号,广东省东莞市道?蛘虼舐奚炒匆翟?5路8号,www.guoligroup.com.cn,2017/11/9
广东省,中山市,东区,香山股份,广东香山衡器集团股份有限公司,电子设备,68717,7629,11.10%,香山股份(002870),广东省中山市东区起湾道东侧白沙湾工业园区,广东省中山市东区起湾道东侧白沙湾工业园区,www.camry.com.cn,2017/5/15
广东省,中山市,东区,全通教育,全通教育集团(广东)股份有限公司,软件与计算机服务,67867,533,0.80%,全通教育(300359),广东省中山市东区中山四路88号尚峰金融商务中心5座18层之一,广东省中山市东区库充大街一号综合商业楼第五层,www.qtone.cn,2014/1/21
广东省,东莞市,东城区,岭南园林,岭南园林股份有限公司,建筑施工,255403,36057,14.10%,岭南园林(002717),广东省东莞市东城街道东源路东城文化中心扩建楼1号楼10楼,广东省东莞市东城区东源路33号岭南园林大厦11楼,www.lnlandscape.com,2014/2/19
广东省,肇庆市,鼎湖区,鸿特精密,广东鸿特精密技术股份有限公司,汽车零配件（IV）,190027,37241,19.60%,鸿特精密(300176),广东省肇庆市鼎湖城区北十区,广东省肇庆市鼎湖城区北十区,www.hongteo.com.cn,2011/2/15
广东省,汕头市,澄海区,宜华健康,宜华健康医疗股份有限公司,医疗保健服务,138683,18689,13.50%,宜华健康(000150),广东省汕头市澄海区文冠路北侧,广东省汕头市澄海区文冠路口右侧宜都花园,www.yihuarealestate.com,2000/8/7
广东省,汕头市,澄海区,东方锆业,广东东方锆业科技股份有限公司,有色金属,51129,2493,4.90%,东方锆业(002167),广东省汕头市澄海区莱美路宇田科技园,广东省汕头市澄海区莱美路宇田科技园,www.orientzr.com,2007/9/13
广东省,汕头市,澄海区,骅威文化,骅威文化股份有限公司,广播与娱乐,62650,23534,37.60%,骅威文化(002502),广东省汕头市澄海区澄华工业区玉亭路,广东省汕头市澄海区澄华工业区玉亭路,www.huawei-stock.com,2010/11/17
广东省,汕头市,澄海区,猛狮科技,广东猛狮新能源科技股份有限公司,电子电气组件与设备,248032,5609,2.30%,猛狮科技(002684),广东省汕头市澄海区莲河西路（华富工业区猛狮蓄电池厂内1.2.4幢）,广东省汕头市澄海区324线国道广益路33号猛狮国际广场写字楼15-16楼,www.dynavolt.net,2012/6/12
广东省,汕头市,澄海区,实丰文化,实丰文化发展股份有限公司,玩具,33856,3782,11.20%,实丰文化(002862),广东省汕头市澄海区文冠路澄华工业区,广东省汕头市澄海区文冠路澄华工业区,www.sunfuntoys.com,2017/4/11
广东省,汕头市,澄海区,宜华生活,宜华生活科技股份有限公司,家具,551994,79438,14.40%,宜华生活(600978),广东省汕头市澄海区莲下槐东工业区,广东省汕头市澄海区莲下槐东工业区,www.yihuatimber.com,2004/8/24
广东省,汕头市,澄海区,名臣健康(002919),,46171,4115,8.90%,名臣健康(002919),广东省汕头市澄海区莲南工业区,广东省汕头市澄海区莲南工业区,,,
广东省,汕头市,潮南区,拉芳家化,拉芳家化股份有限公司,通用化工品,72074,10694,14.80%,拉芳家化(603630),广东省汕头市潮南区国道324线新庆路段拉芳工业城,广东省汕头市潮南区国道324线新庆路段拉芳工业城,www.laf.cn,2017/3/13
广东省,潮州市,潮安县,四通股份,广东四通集团股份有限公司,耐用消费品,34133,4324,12.70%,四通股份(603838),广东省潮州市潮州火车站区南片B11-4-1地块,广东省潮州市潮州火车站区南片B11-4-1地块,www.sitong.net,2015/7/1
广东省,佛山市,禅城区,佛山照明,佛山电器照明股份有限公司,耐用消费品,295025,79569,27.00%,佛山照明(000541),广东省佛山市禅城区汾江北路64号,广东省佛山市禅城区汾江北路64号,www.Chinafsl.Com,1993/11/23
广东省,佛山市,禅城区,佛塑科技,佛山佛塑科技集团股份有限公司,特种化工品,189353,9278,4.90%,佛塑科技(000973),广东省佛山市禅城区汾江中路85号,广东省佛山市禅城区汾江中路85号,www.fspg.com.cn,2000/5/25
广东省,佛山市,禅城区,国星光电,佛山市国星光电股份有限公司,电子电气组件与设备,258260,29472,11.40%,国星光电(002449),广东省佛山市禅城区华宝南路18号,广东省佛山市禅城区华宝南路18号,www.nationstar.com,2010/7/16
广东省,佛山市,禅城区,佛燃股份,佛山市燃气集团股份有限公司,燃气供应,307573,48734,15.80%,佛燃股份(002911),广东省佛山市禅城区季华五路25号,广东省佛山市禅城区季华五路25号,www.fsgas.com,2017/11/22
广东省,佛山市,禅城区,佛山照明,佛山电器照明股份有限公司,耐用消费品,295025,79569,27.00%,粤照明B(200541),广东省佛山市禅城区汾江北路64号,广东省佛山市禅城区汾江北路64号,www.Chinafsl.Com,1993/11/23
广东省,佛山市,禅城区,海天味业,佛山市海天调味食品股份有限公司,食品生产（IV）,1084581,299752,27.60%,海天味业(603288),广东省佛山市文沙路16号,广东省佛山市文沙路16号,www.haitian-food.com,2014/2/11
广东省,佛山市,禅城区,天安新材,广东天安新材料股份有限公司,化工品（II）,66731,3300,4.90%,天安新材(603725),广东省佛山市禅城区南庄镇吉利工业园新源一路30号,广东省佛山市禅城区南庄镇吉利工业园新源一路30号,www.tianantech.com,2017/9/6
广东省,佛山市,禅城区,粤华包B(200986),,{d1},{d2},#VALUE!,粤华包B(200986),广东省佛山市禅城区南庄镇禅城经济开发区罗格园科洋路3号之7二楼,广东省佛山市禅城区南庄镇禅城经济开发区罗格园科洋路3号之7二楼,,,
广东省,惠州市,博罗县,红墙股份,广东红墙新材料股份有限公司,特种化工品,43021,6067,14.10%,红墙股份(002809),广东省博罗县石湾镇科技产业园,广东省博罗县石湾镇科技产业园,www.redwall.com.cn,2016/8/23
广东省,珠海市,保税区,*ST中富,珠海中富实业股份有限公司,容器与包装,134589,3905,2.90%,*ST中富(000659),广东省珠海市保税区1号地三号厂房201号,广东省珠海市保税区联峰路,www.zhongfu.com.cn,1996/12/3
广东省,深圳市,宝安区,深中华A,深圳中华自行车(集团)股份有限公司,娱乐用品,9552,-200,-2.10%,深中华A(000017),广东省深圳市布心路三零零八号,广东省深圳市龙华油松工业区中华工业园,www.cbc.com.cn,1992/3/31
广东省,深圳市,宝安区,深圳机场,深圳机场股份有限公司,运输服务,243012,67588,27.80%,深圳机场(000089),广东省深圳市宝安区宝安机场T3商务区配套写字楼A栋,广东省深圳市宝安国际机场机场路机场信息大楼,www.szairport.com,1998/4/20
广东省,深圳市,宝安区,宝鹰股份,深圳市宝鹰建设控股集团股份有限公司,建筑与材料（III）,481058,33877,7.00%,宝鹰股份(002047),广东省深圳市南山区沙河街道华侨城东部工业区F1栋107号,深圳市宝安区福永街道桥头社区桥塘大道,www.szby.cn,2005/5/31
广东省,深圳市,宝安区,得润电子,深圳市得润电子股份有限公司,电子电气组件与设备,381671,7141,1.90%,得润电子(002055),广东省深圳市光明新区光明街道三十三路9号得润电子工业园,广东省深圳市光明新区光明街道三十三路9号得润电子工业园,www.deren.com.cn,2006/7/25
广东省,深圳市,宝安区,信隆健康,深圳信隆健康产业发展股份有限公司,医疗设备,135035,5320,3.90%,信隆健康(002105),广东省深圳市宝安区松岗街道办碧头第三工业区,广东省深圳市宝安区松岗街道办碧头第三工业区,www.hlcorp.com.cn,2007/1/12
广东省,深圳市,宝安区,莱宝高科,深圳莱宝高科技股份有限公司,电子设备,283654,11474,4.00%,莱宝高科(002106),广东省深圳市南山区高新北二道29号,广东省深圳市光明新区五号路9号深圳莱宝高科技股份有限公司光明工厂,www.laibao.com.cn,2007/1/12
广东省,深圳市,宝安区,顺络电子,深圳顺络电子股份有限公司,电子电气组件与设备,138993,28952,20.80%,顺络电子(002138),广东省深圳市宝安区观澜街道大富苑工业区顺络观澜工业园,广东省深圳市宝安区观澜街道大富苑工业区顺络观澜工业园,www.sunlordinc.com,2007/6/13
广东省,深圳市,宝安区,拓邦股份,深圳拓邦股份有限公司,电子电气组件与设备,197575,20639,10.40%,拓邦股份(002139),广东省深圳市南山区高新技术产业园清华大学研究院B区413房,广东省深圳市宝安区石岩镇塘头大道拓邦工业园,www.topband-e.com,2007/6/29
广东省,深圳市,宝安区,证通电子,深圳市证通电子股份有限公司,工业机械,110872,3020,2.70%,证通电子(002197),广东省深圳市南山区南油天安工业村八座3A,广东省深圳市光明新区松白路甲子塘证通电子产业园,www.szzt.com.cn,2007/12/18
广东省,深圳市,宝安区,特尔佳,深圳市特尔佳科技股份有限公司,汽车零配件（IV）,8629,196,2.30%,特尔佳(002213),广东省深圳市南山区科技中二路深圳软件园12#楼301,广东省深圳市宝安区观澜高新技术产业园特尔佳观澜厂区,www.terca.cn,2008/2/1
广东省,深圳市,宝安区,诺普信,深圳诺普信农化股份有限公司,特种化工品,218554,28605,13.10%,诺普信(002215),广东省深圳市宝安区西乡水库路113号,广东省深圳市宝安区西乡水库路113号,www.noposion.com,2008/2/18
广东省,深圳市,宝安区,美盈森,美盈森集团股份有限公司,造纸,200477,29563,14.70%,美盈森(002303),广东省深圳市光明新区光明新陂头村美盈森厂区A栋,广东省深圳市光明新区光明新陂头村美盈森厂区A栋,www.szmys.com,2009/11/3
广东省,深圳市,宝安区,日海通讯,深圳日海通讯技术股份有限公司,通讯设备,180469,4559,2.50%,日海通讯(002313),广东省深圳市南山区大新路198号马家龙创新大厦17层1701,广东省深圳市龙华新区观澜观盛四路日海工业园研发楼,www.sunseagroup.com,2009/12/3
广东省,深圳市,宝安区,格林美,深圳市格林美高新技术股份有限公司,有色金属,726677,51979,7.20%,格林美(002340),广东省深圳市宝安区宝安中心区兴华路南侧荣超滨海大厦A栋20层2008号房,广东省深圳市宝安区宝安中心区兴华路南侧荣超滨海大厦A栋20层2008号房,www.gemchina.com,2010/1/22
广东省,深圳市,宝安区,新纶科技,深圳市新纶科技股份有限公司,特种化工品,144622,11500,8.00%,新纶科技(002341),广东省深圳市南山区南海大道3025号创意大厦13-14楼,广东省深圳市光明新区塘家村塘家北路南侧新纶科技产业园,www.szselen.com,2010/1/22
广东省,深圳市,宝安区,欧菲科技,欧菲科技股份有限公司,电子电气组件与设备,2445708,105250,4.30%,欧菲科技(002456),广东省深圳市光明新区公明街道松白公路华发路段欧菲光科技园,广东省深圳市光明新区公明街道松白公路华发路段欧菲光科技园,www.o-film.com,2010/8/3
广东省,深圳市,宝安区,英飞拓,深圳英飞拓科技股份有限公司,电子设备,189494,-331,-0.20%,英飞拓(002528),广东省深圳市龙华新区观澜高新技术产业园英飞拓厂房,广东省深圳市龙华新区观澜高新技术产业园英飞拓厂房,www.infinova.com.cn,2010/12/24
广东省,深圳市,宝安区,金新农,深圳市金新农科技股份有限公司,农业与渔业,241847,14727,6.10%,金新农(002548),广东省深圳市光明新区光明街道光电北路18号金新农大厦,广东省深圳市光明新区光明街道光电北路18号金新农大厦,www.chengnong.com,2011/2/18
广东省,深圳市,宝安区,奋达科技,深圳市奋达科技股份有限公司,消费电子产品,179424,31939,17.80%,奋达科技(002681),广东省深圳市宝安区石岩洲石路奋达科技园,广东省深圳市宝安区石岩洲石路奋达科技园,www.fenda.com,2012/6/5
广东省,深圳市,宝安区,王子新材,深圳王子新材料股份有限公司,通用化工品,41466,4436,10.70%,王子新材(002735),广东省深圳市龙华区龙华街道奋进路4号王子工业园,广东省深圳市龙华新区龙华街道油松第十工业区王子工业园,www.szwzxc.com,2014/12/3
广东省,深圳市,宝安区,可立克,深圳可立克科技股份有限公司,电子电气组件与设备,65158,4483,6.90%,可立克(002782),广东省深圳市宝安区福永街道桥头社区正中工业厂区7栋1、2、4层,广东省深圳市宝安区福永街道桥头社区正中工业厂区7栋1-5层厂房、8栋2层,www.clickele.com,2015/12/22
广东省,深圳市,宝安区,银宝山新,深圳市银宝山新科技股份有限公司,工业机械,208316,3759,1.80%,银宝山新(002786),广东省深圳市宝安区石岩街道罗租社区建兴路5号,广东省深圳市宝安区石岩街道罗租社区建兴路5号,www.basismold.com,2015/12/23
广东省,深圳市,宝安区,崇达技术,深圳市崇达电路技术股份有限公司,电子电气组件与设备,229507,38543,16.80%,崇达技术(002815),广东省深圳市光明新区光明街道观光路3009号招商局光明科技园A3栋C单元207,广东省深圳市宝安区沙井街道新玉路横岗下工业大街16号,www.suntakpcb.com,2016/10/12
广东省,深圳市,宝安区,和科达,深圳市和科达精密清洗设备股份有限公司,工业机械,25228,1092,4.30%,和科达(002816),广东省深圳市龙华新区大浪街道华旺路和科达工业园3号厂房三楼,广东省深圳市龙华新区大浪街道华旺路和科达工业园3号厂房三楼,www.hkdholding.com,2016/10/25
广东省,深圳市,宝安区,凯中精密,深圳市凯中精密技术股份有限公司,工业机械,101318,13176,13.00%,凯中精密(002823),广东省深圳市宝安区沙井街道新桥芙蓉工业区2#、4#、7#、9#栋、厂房3栋,广东省深圳市宝安区沙井街道新桥芙蓉工业区2#、4#、7#、9#栋、厂房3栋,www.kaizhong.com,2016/11/24
广东省,深圳市,宝安区,名雕股份,深圳市名雕装饰股份有限公司,建筑施工,48470,2679,5.50%,名雕股份(002830),广东省深圳市罗湖区笋岗街道梨园路8号HALO广场（笋岗3号仓库整栋）3层15-16室,广东省深圳市宝安区兴华路南侧龙光世纪大厦1栋2―36、37、38、39、40,www.mingdiao.com.cn,2016/12/13
广东省,深圳市,宝安区,裕同科技,深圳市裕同包装科技股份有限公司,造纸,452414,69779,15.40%,裕同科技(002831),广东省深圳市宝安区石岩街道水田社区石环路1号A栋，B栋，C栋，E栋，H栋，J栋，G栋,广东省深圳市宝安区石岩街道水田社区石环路1号A栋，B栋，C栋，E栋，H栋，J栋，G栋,www.szyuto.com,2016/12/16
广东省,深圳市,宝安区,英维克,深圳市英维克科技股份有限公司,工业机械,47878,6371,13.30%,英维克(002837),广东省深圳市龙华区观澜街道观光路1303号鸿信工业园9号厂房1-3楼,广东省深圳市宝安区观澜街道大布巷社区梅观高速路东侧鸿信工业园9号厂房1-3楼,www.envicool.com,2016/12/29
广东省,深圳市,宝安区,同兴达,深圳同兴达科技股份有限公司,电子电气组件与设备,260501,10633,4.10%,同兴达(002845),广东省深圳市龙华新区龙华街道工业东路利金城科技工业园3#厂房4楼,广东省深圳市龙华新区龙华街道工业东路利金城科技工业园3#厂房4楼,www.txdkj.com,2017/1/25
广东省,深圳市,宝安区,科达利,深圳市科达利实业股份有限公司,耐用消费品,119470,15625,13.10%,科达利(002850),广东省深圳市宝安区大浪街道华兴路北侧中建工业区第一栋厂房三层,深圳市龙华区大浪街道华兴路北侧中建工业区第一栋厂房三层,www.kedali.com.cn,2017/3/2
广东省,深圳市,宝安区,三利谱,深圳市三利谱光电科技股份有限公司,电子电气组件与设备,61088,5381,8.80%,三利谱(002876),广东省深圳市光明新区公明办事处楼村社区第二工业区同富一路5号第1-9栋,广东省深圳市光明新区公明办事处楼村社区第二工业区同富一路5号第1-9栋,www.sunnypol.com,2017/5/25
广东省,深圳市,宝安区,卫光生物,深圳市卫光生物制品股份有限公司,制药,44091,12652,28.70%,卫光生物(002880),广东省深圳市光明新区光明街道光侨大道3402号,广东省深圳市光明新区光明街道光侨大道3402号,www.szwg.com,2017/6/16
广东省,深圳市,宝安区,美格智能,美格智能技术股份有限公司,电子电气组件与设备,44191,2509,5.70%,美格智能(002881),广东省深圳市宝安区福永街道凤凰第四工业区岭下路5号A幢、B幢第一、二层、第三层A,广东省深圳市宝安区福永街道凤凰第四工业区岭下路5号A幢、B幢第一、二层、第三层A,www.meigsmart.com,2017/6/22
广东省,深圳市,宝安区,深中华A,深圳中华自行车(集团)股份有限公司,娱乐用品,9552,-200,-2.10%,深中华B(200017),广东省深圳市布心路三零零八号,广东省深圳市龙华油松工业区中华工业园,www.cbc.com.cn,1992/3/31
广东省,深圳市,宝安区,华测检测,华测检测认证集团股份有限公司,商业辅助服务,141255,12493,8.80%,华测检测(300012),广东省深圳市宝安区70区留仙三路6号鸿威工业园C栋厂房1楼,广东省深圳市宝安区新安街道留仙三路4号华测检测大楼,www.cti-cert.com,2009/10/30
广东省,深圳市,宝安区,长盈精密,深圳市长盈精密技术股份有限公司,电子设备,595493,60674,10.20%,长盈精密(300115),广东省深圳市宝安区福永镇桥头富桥工业3区3号厂,广东省深圳市宝安区福永镇桥头富桥工业三区2栋,www.ewpt.cn,2010/9/2
广东省,深圳市,宝安区,汇川技术,深圳市汇川技术股份有限公司,电子电气组件与设备,312962,77663,24.80%,汇川技术(300124),广东省深圳市龙华新区观澜街道高新技术产业园汇川技术总部大厦,深圳市宝安区新安街道留仙二路鸿威工业园 E 栋厂房 1、2、3、4、5 楼,www.inovance.cn,2010/9/28
广东省,深圳市,宝安区,英唐智控,深圳市英唐智能控制股份有限公司,电子电气组件与设备,576783,16946,2.90%,英唐智控(300131),广东省深圳市南山区高新技术产业园科技南五路英唐大厦五楼,广东省深圳市宝安区石岩街道龙马工业城A1厂房五楼,www.yitoa.com,2010/10/19
广东省,深圳市,宝安区,大富科技,深圳市大富科技股份有限公司,通讯设备,130566,-44047,-33.70%,大富科技(300134),广东省深圳市宝安区沙井街道蚝乡路沙井工业公司第三工业区A1、A2、A3的101、A4的第一、二、三层,广东省深圳市宝安区沙井街道蚝乡第三工业区A2,www.tatfook.com,2010/10/26
广东省,深圳市,宝安区,瑞凌股份,深圳市瑞凌实业股份有限公司,工业机械,46583,7170,15.40%,瑞凌股份(300154),广东省深圳市光明新区观光路3009号招商局科技园A3栋C单元207,广东省深圳市宝安区新安街道留仙二路飞扬兴业科技厂区厂房B栋2-6楼,www.riland.com.cn,2010/12/29
广东省,深圳市,宝安区,欣旺达,欣旺达电子股份有限公司,电子电气组件与设备,903639,32800,3.60%,欣旺达(300207),广东省深圳市宝安区石岩街道石龙社区颐和路2号综合楼1楼、2楼A-B区、2楼D区-9楼,广东省深圳市宝安区石岩街道石龙社区颐和路2号综合楼1楼、2楼A-B区、2楼D区-9楼,www.sunwoda.com,2011/4/21
广东省,深圳市,宝安区,洲明科技,深圳市洲明科技股份有限公司,电子电气组件与设备,196385,23816,12.10%,洲明科技(300232),广东省深圳市宝安区福永街道桥头社区永福路112号A栋,广东省深圳市宝安区福永街道桥头社区永福路112号A栋,www.unilumin.com,2011/6/22
广东省,深圳市,宝安区,麦捷科技,深圳市麦捷微电子科技股份有限公司,电子电气组件与设备,112127,6675,6.00%,麦捷科技(300319),广东省深圳市坪山区坑梓街道新乔围工业区新发路5号,广东省深圳市龙华新区观澜街道广培社区裕新路65号南兴工业园厂房第一栋、第二栋,www.szmicrogate.com,2012/5/23
广东省,深圳市,宝安区,劲拓股份,深圳市劲拓自动化设备股份有限公司,工业机械,33993,5762,17.00%,劲拓股份(300400),广东省深圳市宝安区西乡街道广深高速公路北侧鹤洲工业区劲拓自动化工业厂区,深圳市宝安区西乡街道广深高速公路北侧鹤洲工业区劲拓自动化工业厂区,www.jt-ele.com,2014/10/10
广东省,深圳市,宝安区,同益股份,深圳市同益实业股份有限公司,综合供应商,72858,1386,1.90%,同益股份(300538),广东省深圳市宝安区宝安中心区兴华路南侧荣超滨海大厦B座0301、0302、0303、0305、0306、0310、1106,广东省深圳市宝安区宝安中心区兴华路南侧荣超滨海大厦B座0301、0302、0303、0305、030,www.tongyiplastic.com,2016/8/26
广东省,深圳市,宝安区,朗科智能,深圳市朗科智能电气股份有限公司,电子电气组件与设备,78682,7142,9.10%,朗科智能(300543),广东省深圳市宝安区石岩街道上排社区爱群路同富裕工业区8-4#厂房,广东省深圳市宝安区石岩街道上排社区爱群路同富裕工业区8-4#厂房,www.longood.com,2016/9/8
广东省,深圳市,宝安区,联得装备,深圳市联得自动化装备股份有限公司,工业机械,35185,5237,14.90%,联得装备(300545),广东省深圳市龙华区大浪街道大浪社区同富??工业园A区3栋1-4层,广东省深圳市宝安区大浪街道大浪社区同富??工业园A区3栋1-4层,www.liande-china.com,2016/9/28
广东省,深圳市,宝安区,科信技术,深圳市科信通信技术股份有限公司,通讯设备,48006,4621,9.60%,科信技术(300565),广东省深圳市光明新区公明办事处塘家社区高新科技园汇业路南科信小区第1栋,广东省深圳市光明新区公明办事处塘家社区高新科技园汇业路南科信小区第1栋,www.szkexin.com.cn,2016/11/22
广东省,深圳市,宝安区,星源材质,深圳市星源材质科技股份有限公司,特种化工品,38676,9181,23.70%,星源材质(300568),广东省深圳市光明新区公明办事处田园路北,广东省深圳市光明新区公明办事处田园路北,www.senior798.com,2016/12/1
广东省,深圳市,宝安区,容大感光,深圳市容大感光科技股份有限公司,通用化工品,26014,3694,14.20%,容大感光(300576),广东省深圳市宝安区福永街道福永立新湖第一科技园研发楼第1-3楼,广东省深圳市宝安区福永街道福永立新湖第一科技园研发楼第1-3楼,www.szrd.com,2016/12/20
广东省,深圳市,宝安区,电连技术,电连技术股份有限公司,电子电气组件与设备,104910,30915,29.50%,电连技术(300679),广东省深圳市光明新区公明街道西田社区锦绣工业园8栋第一层至第三层A区,广东省深圳市光明新区公明街道西田社区锦绣工业园8栋第一层至第三层A区,www.ectsz.com,2017/7/31
广东省,深圳市,宝安区,科创新源,深圳科创新源新材料股份有限公司,通用化工品,17876,4948,27.70%,科创新源(300731),广东省深圳市光明新区公明街道光侨大道3333号新健兴科技工业园B3栋1楼B、4楼、5楼C、6楼C、B5栋1楼A、2楼等,广东省深圳市光明新区公明街道光侨大道3333号新健兴科技工业园B3栋1楼B、4楼、5楼C、6楼C、B5栋1楼A、2楼等,www.cotran.cn,2017/12/8
广东省,深圳市,宝安区,景旺电子,深圳市景旺电子股份有限公司,硬件与设备,308378,63753,20.70%,景旺电子(603228),广东省深圳市宝安区西乡街道铁岗水库路166号,广东省深圳市宝安区西乡街道铁岗水库路166号,www.kinwong.com,2017/1/6
广东省,深圳市,宝安区,深圳新星,深圳市新星轻合金材料股份有限公司,有色金属,74464,9020,12.10%,深圳新星(603978),广东省深圳市宝安区观光路公明镇高新技术产业园新星厂区A栋,广东省深圳市宝安区观光路公明镇高新技术产业园新星厂区A栋,www.stalloys.com,2017/8/7
广东省,深圳市,宝安区,华讯方舟,华讯方舟股份有限公司,软件与计算机服务,105010,6463,6.20%,华讯方舟(000687),河北省雄安新区安新县新旅游路北侧7号别墅,广东省深圳市宝安区西乡宝田一路臣田工业区37栋,www.huaxunchina.com.cn,1997/2/21
广东省,广州市,白云区,粤传媒,广东广州日报传媒股份有限公司,出版业,65607,-2617,-4.00%,粤传媒(002181),广东省广州市白云区增槎路1113号,广东省广州市白云区增槎路1113号,www.gdgzrb.com,2007/11/16
广东省,广州市,白云区,达安股份,广东达安项目管理股份有限公司,建筑施工,28698,4484,15.60%,达安股份(300635),广东省广州市白云区广州大道北1421号圣地大厦六楼601房,广东省广州市白云区广州大道北1421号圣地大厦六楼601房,www.gddaan.com,2017/3/31
广东省,广州市,白云区,白云机场,广州白云国际机场股份有限公司,运输服务,491849,160703,32.70%,白云机场(600004),广东省广州白云国际机场南工作区自编一号,广东省广州白云国际机场南区股份公司机关办公大楼,www.baiyunport.com,2003/4/28
广东省,广州市,白云区,南方航空,中国南方航空股份有限公司,航空客运,9612300,925100,9.60%,南方航空(600029),广东省广州市黄埔区12号冠昊科技园一期办公楼3楼301室,广东省广州市机场路278号,www.csair.com,2003/7/25
广东省,广州市,白云区,欧派家居,欧派家居集团股份有限公司,家具,690348,108136,15.70%,欧派家居(603833),广东省广州市白云区广花三路366号,广东省广州市白云区广花三路366号,www.oppein.com,2017/3/28
广东省,广州市,白云区,白云电器,广州白云电器设备股份有限公司,电子电气组件与设备,100920,8566,8.50%,白云电器(603861),广东省广州市白云区神山镇大岭南路18号,广东省广州市白云区神山镇大岭南路18号,www.bydq.com,2016/3/22
广东省,梅州市,梅州市,博敏电子,博敏电子股份有限公司,计算机硬件,119913,5465,4.60%,博敏电子(603936),广东省梅州市经济开发试验区东升工业园,广东省梅州市经济开发试验区东升工业园,www.bominelec.com,2015/12/9
